-- MySQL dump 10.13  Distrib 5.5.62, for Win64 (AMD64)
--
-- Host: 127.0.0.1    Database: vk
-- ------------------------------------------------------
-- Server version	8.0.20-0ubuntu0.20.04.1

/*!40101 SET @OLD_CHARACTER_SET_CLIENT=@@CHARACTER_SET_CLIENT */;
/*!40101 SET @OLD_CHARACTER_SET_RESULTS=@@CHARACTER_SET_RESULTS */;
/*!40101 SET @OLD_COLLATION_CONNECTION=@@COLLATION_CONNECTION */;
/*!40101 SET NAMES utf8 */;
/*!40103 SET @OLD_TIME_ZONE=@@TIME_ZONE */;
/*!40103 SET TIME_ZONE='+00:00' */;
/*!40014 SET @OLD_UNIQUE_CHECKS=@@UNIQUE_CHECKS, UNIQUE_CHECKS=0 */;
/*!40014 SET @OLD_FOREIGN_KEY_CHECKS=@@FOREIGN_KEY_CHECKS, FOREIGN_KEY_CHECKS=0 */;
/*!40101 SET @OLD_SQL_MODE=@@SQL_MODE, SQL_MODE='NO_AUTO_VALUE_ON_ZERO' */;
/*!40111 SET @OLD_SQL_NOTES=@@SQL_NOTES, SQL_NOTES=0 */;

--
-- Table structure for table `communities`
--

DROP TABLE IF EXISTS `communities`;
/*!40101 SET @saved_cs_client     = @@character_set_client */;
/*!40101 SET character_set_client = utf8 */;
CREATE TABLE `communities` (
  `id` int unsigned NOT NULL AUTO_INCREMENT COMMENT 'Идентификатор сроки',
  `name` varchar(150) CHARACTER SET utf8 COLLATE utf8_unicode_ci NOT NULL COMMENT 'Название группы',
  `created_at` datetime DEFAULT CURRENT_TIMESTAMP COMMENT 'Время создания строки',
  `updated_at` datetime DEFAULT CURRENT_TIMESTAMP ON UPDATE CURRENT_TIMESTAMP COMMENT 'Время обновления строки',
  PRIMARY KEY (`id`),
  UNIQUE KEY `name` (`name`)
) ENGINE=InnoDB AUTO_INCREMENT=101 DEFAULT CHARSET=utf8 COLLATE=utf8_unicode_ci COMMENT='Группы';
/*!40101 SET character_set_client = @saved_cs_client */;

--
-- Dumping data for table `communities`
--

LOCK TABLES `communities` WRITE;
/*!40000 ALTER TABLE `communities` DISABLE KEYS */;
INSERT INTO `communities` VALUES (1,'iste','2020-06-25 21:41:02','2020-06-25 21:41:02'),(2,'in','2020-06-25 21:41:02','2020-06-25 21:41:02'),(3,'molestias','2020-06-25 21:41:02','2020-06-25 21:41:02'),(4,'maiores','2020-06-25 21:41:02','2020-06-25 21:41:02'),(5,'asperiores','2020-06-25 21:41:02','2020-06-25 21:41:02'),(6,'ad','2020-06-25 21:41:02','2020-06-25 21:41:02'),(7,'nam','2020-06-25 21:41:02','2020-06-25 21:41:02'),(8,'et','2020-06-25 21:41:02','2020-06-25 21:41:02'),(9,'deserunt','2020-06-25 21:41:02','2020-06-25 21:41:02'),(10,'voluptas','2020-06-25 21:41:02','2020-06-25 21:41:02'),(11,'consequatur','2020-06-25 21:41:02','2020-06-25 21:41:02'),(12,'voluptatibus','2020-06-25 21:41:02','2020-06-25 21:41:02'),(13,'quidem','2020-06-25 21:41:02','2020-06-25 21:41:02'),(14,'omnis','2020-06-25 21:41:02','2020-06-25 21:41:02'),(15,'fugiat','2020-06-25 21:41:02','2020-06-25 21:41:02'),(16,'veritatis','2020-06-25 21:41:02','2020-06-25 21:41:02'),(17,'est','2020-06-25 21:41:02','2020-06-25 21:41:02'),(18,'quis','2020-06-25 21:41:02','2020-06-25 21:41:02'),(19,'eos','2020-06-25 21:41:02','2020-06-25 21:41:02'),(20,'expedita','2020-06-25 21:41:02','2020-06-25 21:41:02'),(21,'error','2020-06-25 21:41:02','2020-06-25 21:41:02'),(22,'ducimus','2020-06-25 21:41:02','2020-06-25 21:41:02'),(23,'labore','2020-06-25 21:41:02','2020-06-25 21:41:02'),(24,'ullam','2020-06-25 21:41:02','2020-06-25 21:41:02'),(25,'nesciunt','2020-06-25 21:41:02','2020-06-25 21:41:02'),(26,'dolores','2020-06-25 21:41:02','2020-06-25 21:41:02'),(27,'at','2020-06-25 21:41:02','2020-06-25 21:41:02'),(28,'adipisci','2020-06-25 21:41:02','2020-06-25 21:41:02'),(29,'doloremque','2020-06-25 21:41:02','2020-06-25 21:41:02'),(30,'cupiditate','2020-06-25 21:41:02','2020-06-25 21:41:02'),(31,'nostrum','2020-06-25 21:41:02','2020-06-25 21:41:02'),(32,'illo','2020-06-25 21:41:02','2020-06-25 21:41:02'),(33,'qui','2020-06-25 21:41:02','2020-06-25 21:41:02'),(34,'quas','2020-06-25 21:41:02','2020-06-25 21:41:02'),(35,'a','2020-06-25 21:41:02','2020-06-25 21:41:02'),(36,'necessitatibus','2020-06-25 21:41:02','2020-06-25 21:41:02'),(37,'sint','2020-06-25 21:41:02','2020-06-25 21:41:02'),(38,'accusamus','2020-06-25 21:41:02','2020-06-25 21:41:02'),(39,'possimus','2020-06-25 21:41:02','2020-06-25 21:41:02'),(40,'ut','2020-06-25 21:41:02','2020-06-25 21:41:02'),(41,'velit','2020-06-25 21:41:02','2020-06-25 21:41:02'),(42,'nemo','2020-06-25 21:41:02','2020-06-25 21:41:02'),(43,'voluptatem','2020-06-25 21:41:02','2020-06-25 21:41:02'),(44,'aut','2020-06-25 21:41:02','2020-06-25 21:41:02'),(45,'illum','2020-06-25 21:41:02','2020-06-25 21:41:02'),(46,'quae','2020-06-25 21:41:02','2020-06-25 21:41:02'),(47,'explicabo','2020-06-25 21:41:02','2020-06-25 21:41:02'),(48,'architecto','2020-06-25 21:41:02','2020-06-25 21:41:02'),(49,'accusantium','2020-06-25 21:41:02','2020-06-25 21:41:02'),(50,'minus','2020-06-25 21:41:02','2020-06-25 21:41:02'),(51,'quia','2020-06-25 21:41:02','2020-06-25 21:41:02'),(52,'delectus','2020-06-25 21:41:02','2020-06-25 21:41:02'),(53,'sit','2020-06-25 21:41:02','2020-06-25 21:41:02'),(54,'sunt','2020-06-25 21:41:02','2020-06-25 21:41:02'),(55,'fugit','2020-06-25 21:41:02','2020-06-25 21:41:02'),(56,'reiciendis','2020-06-25 21:41:02','2020-06-25 21:41:02'),(57,'id','2020-06-25 21:41:02','2020-06-25 21:41:02'),(58,'laboriosam','2020-06-25 21:41:02','2020-06-25 21:41:02'),(59,'quos','2020-06-25 21:41:02','2020-06-25 21:41:02'),(60,'vitae','2020-06-25 21:41:02','2020-06-25 21:41:02'),(61,'unde','2020-06-25 21:41:02','2020-06-25 21:41:02'),(62,'alias','2020-06-25 21:41:02','2020-06-25 21:41:02'),(63,'nulla','2020-06-25 21:41:02','2020-06-25 21:41:02'),(64,'minima','2020-06-25 21:41:02','2020-06-25 21:41:02'),(65,'officiis','2020-06-25 21:41:02','2020-06-25 21:41:02'),(66,'enim','2020-06-25 21:41:02','2020-06-25 21:41:02'),(67,'voluptate','2020-06-25 21:41:02','2020-06-25 21:41:02'),(68,'cumque','2020-06-25 21:41:02','2020-06-25 21:41:02'),(69,'dolorem','2020-06-25 21:41:02','2020-06-25 21:41:02'),(70,'reprehenderit','2020-06-25 21:41:02','2020-06-25 21:41:02'),(71,'natus','2020-06-25 21:41:02','2020-06-25 21:41:02'),(72,'dignissimos','2020-06-25 21:41:02','2020-06-25 21:41:02'),(73,'eum','2020-06-25 21:41:02','2020-06-25 21:41:02'),(74,'quam','2020-06-25 21:41:02','2020-06-25 21:41:02'),(75,'ipsum','2020-06-25 21:41:02','2020-06-25 21:41:02'),(76,'praesentium','2020-06-25 21:41:02','2020-06-25 21:41:02'),(77,'excepturi','2020-06-25 21:41:02','2020-06-25 21:41:02'),(78,'hic','2020-06-25 21:41:02','2020-06-25 21:41:02'),(79,'assumenda','2020-06-25 21:41:02','2020-06-25 21:41:02'),(80,'consectetur','2020-06-25 21:41:02','2020-06-25 21:41:02'),(81,'numquam','2020-06-25 21:41:02','2020-06-25 21:41:02'),(82,'consequuntur','2020-06-25 21:41:02','2020-06-25 21:41:02'),(83,'facere','2020-06-25 21:41:02','2020-06-25 21:41:02'),(84,'tempora','2020-06-25 21:41:02','2020-06-25 21:41:02'),(85,'voluptatum','2020-06-25 21:41:02','2020-06-25 21:41:02'),(86,'dolore','2020-06-25 21:41:02','2020-06-25 21:41:02'),(87,'tempore','2020-06-25 21:41:02','2020-06-25 21:41:02'),(88,'tenetur','2020-06-25 21:41:02','2020-06-25 21:41:02'),(89,'blanditiis','2020-06-25 21:41:02','2020-06-25 21:41:02'),(90,'autem','2020-06-25 21:41:02','2020-06-25 21:41:02'),(91,'iusto','2020-06-25 21:41:02','2020-06-25 21:41:02'),(92,'doloribus','2020-06-25 21:41:02','2020-06-25 21:41:02'),(93,'quo','2020-06-25 21:41:02','2020-06-25 21:41:02'),(94,'incidunt','2020-06-25 21:41:02','2020-06-25 21:41:02'),(95,'repellat','2020-06-25 21:41:02','2020-06-25 21:41:02'),(96,'amet','2020-06-25 21:41:02','2020-06-25 21:41:02'),(97,'totam','2020-06-25 21:41:02','2020-06-25 21:41:02'),(98,'dolor','2020-06-25 21:41:02','2020-06-25 21:41:02'),(99,'esse','2020-06-25 21:41:02','2020-06-25 21:41:02'),(100,'temporibus','2020-06-25 21:41:02','2020-06-25 21:41:02');
/*!40000 ALTER TABLE `communities` ENABLE KEYS */;
UNLOCK TABLES;

--
-- Table structure for table `communities_users`
--

DROP TABLE IF EXISTS `communities_users`;
/*!40101 SET @saved_cs_client     = @@character_set_client */;
/*!40101 SET character_set_client = utf8 */;
CREATE TABLE `communities_users` (
  `community_id` int unsigned NOT NULL COMMENT 'Ссылка на группу',
  `user_id` int unsigned NOT NULL COMMENT 'Ссылка на пользователя',
  `created_at` datetime DEFAULT CURRENT_TIMESTAMP COMMENT 'Время создания строки',
  PRIMARY KEY (`community_id`,`user_id`) COMMENT 'Составной первичный ключ',
  KEY `communities_users_user_id_fk` (`user_id`),
  CONSTRAINT `communities_users_type_id_fk` FOREIGN KEY (`community_id`) REFERENCES `communities` (`id`),
  CONSTRAINT `communities_users_user_id_fk` FOREIGN KEY (`user_id`) REFERENCES `users` (`id`)
) ENGINE=InnoDB DEFAULT CHARSET=utf8 COLLATE=utf8_unicode_ci COMMENT='Участники групп, связь между пользователями и группами';
/*!40101 SET character_set_client = @saved_cs_client */;

--
-- Dumping data for table `communities_users`
--

LOCK TABLES `communities_users` WRITE;
/*!40000 ALTER TABLE `communities_users` DISABLE KEYS */;
INSERT INTO `communities_users` VALUES (2,8,'1988-05-17 08:56:57'),(3,16,'2019-11-03 15:27:13'),(3,25,'1995-03-11 07:38:56'),(4,7,'1995-10-13 10:01:18'),(4,29,'2017-10-01 20:24:55'),(6,13,'1991-02-23 13:55:57'),(8,86,'2000-04-07 02:49:28'),(8,93,'1979-05-08 18:02:34'),(11,84,'1994-07-16 02:19:12'),(12,98,'2017-05-02 19:50:24'),(13,22,'2010-02-20 20:43:08'),(13,60,'1997-09-30 20:13:26'),(14,18,'1998-01-26 08:20:06'),(14,26,'1974-05-30 03:51:46'),(14,37,'1998-02-25 08:44:02'),(14,46,'1970-02-12 18:35:14'),(18,19,'2005-11-19 15:54:02'),(22,39,'1993-05-14 01:48:19'),(23,12,'1995-05-22 00:20:08'),(25,36,'2007-03-18 08:04:53'),(25,47,'1993-03-17 02:13:59'),(29,57,'2007-09-16 13:27:27'),(30,91,'2001-12-01 03:26:31'),(31,40,'2014-04-30 14:30:39'),(33,24,'1982-08-12 21:44:28'),(33,97,'1984-12-29 09:28:42'),(35,66,'1992-08-16 05:50:48'),(36,61,'2009-08-12 21:18:49'),(37,11,'2002-07-23 00:02:53'),(37,35,'1980-06-03 21:05:53'),(37,67,'2008-10-12 13:51:14'),(38,88,'1980-11-18 16:03:23'),(39,2,'1999-01-28 01:10:04'),(40,72,'1989-08-06 20:38:11'),(40,94,'1978-05-21 06:09:01'),(41,31,'2000-01-13 22:25:21'),(41,62,'1983-02-05 10:07:20'),(42,49,'2010-10-25 18:19:40'),(42,59,'2009-07-08 20:15:22'),(43,3,'1980-03-10 22:53:19'),(43,33,'1978-02-18 09:39:42'),(45,20,'2012-08-05 01:29:44'),(46,42,'2008-09-15 02:26:08'),(50,90,'1970-10-23 14:32:18'),(51,30,'1979-09-20 01:09:37'),(51,53,'1979-09-06 02:20:05'),(51,96,'2014-02-12 09:44:29'),(52,5,'1977-09-12 19:00:24'),(53,34,'2011-04-18 13:38:22'),(53,64,'2008-06-25 19:14:29'),(54,23,'2014-09-04 16:37:06'),(54,32,'1971-11-21 12:47:10'),(56,83,'1980-12-14 16:14:06'),(57,28,'1972-06-29 15:22:05'),(58,73,'2008-01-24 09:10:30'),(59,14,'2000-06-02 00:24:09'),(60,27,'1981-06-09 11:37:35'),(61,50,'1993-05-13 08:23:37'),(61,99,'1974-10-03 22:42:03'),(63,76,'1970-02-04 11:47:10'),(65,80,'2013-01-08 12:23:55'),(66,54,'1993-06-27 01:17:52'),(66,58,'2010-10-01 01:07:54'),(67,43,'1984-03-25 19:09:32'),(68,100,'1980-04-28 00:52:43'),(69,21,'1976-03-07 03:11:23'),(70,74,'2011-01-30 17:53:56'),(70,78,'2011-10-30 08:26:39'),(72,6,'1989-08-22 20:15:05'),(72,87,'2004-01-13 21:50:09'),(73,89,'2008-06-13 22:25:09'),(74,95,'1994-09-08 22:56:13'),(75,75,'1983-12-12 22:37:28'),(75,79,'1990-08-01 20:49:50'),(76,15,'1973-05-05 16:39:42'),(76,51,'2006-04-06 22:32:56'),(78,55,'2001-12-27 10:55:48'),(79,65,'1970-01-29 13:35:32'),(79,68,'2012-03-10 13:14:02'),(80,71,'1979-02-05 22:44:22'),(81,45,'1983-11-26 20:20:15'),(84,1,'2007-05-16 23:09:32'),(84,17,'1993-12-23 23:35:38'),(84,48,'1970-11-20 09:48:23'),(85,69,'1982-01-12 02:19:44'),(87,10,'2017-05-06 22:17:15'),(87,70,'2000-12-31 15:18:47'),(88,41,'2001-10-20 17:15:26'),(88,85,'2004-07-09 22:19:00'),(89,82,'1972-03-06 00:00:03'),(92,77,'1972-04-01 22:56:38'),(93,38,'1970-12-16 13:57:21'),(93,56,'1994-08-14 22:13:33'),(95,63,'1972-04-09 01:31:16'),(96,4,'1972-08-11 00:51:16'),(96,52,'1991-11-05 02:02:21'),(97,44,'2002-06-27 00:37:34'),(97,81,'1976-05-04 13:38:48'),(99,9,'1977-02-18 22:20:25'),(100,92,'1979-05-07 13:17:15');
/*!40000 ALTER TABLE `communities_users` ENABLE KEYS */;
UNLOCK TABLES;

--
-- Table structure for table `friendship`
--

DROP TABLE IF EXISTS `friendship`;
/*!40101 SET @saved_cs_client     = @@character_set_client */;
/*!40101 SET character_set_client = utf8 */;
CREATE TABLE `friendship` (
  `user_id` int unsigned NOT NULL COMMENT 'Ссылка на инициатора дружеских отношений',
  `friend_id` int unsigned NOT NULL COMMENT 'Ссылка на получателя приглашения дружить',
  `status_id` int unsigned NOT NULL COMMENT 'Ссылка на статус (текущее состояние) отношений',
  `confirmed_at` datetime DEFAULT NULL COMMENT 'Время подтверждения приглашения',
  `created_at` datetime DEFAULT CURRENT_TIMESTAMP COMMENT 'Время создания строки',
  `updated_at` datetime DEFAULT CURRENT_TIMESTAMP ON UPDATE CURRENT_TIMESTAMP COMMENT 'Время обновления строки',
  PRIMARY KEY (`user_id`,`friend_id`) COMMENT 'Составной первичный ключ',
  KEY `friendship_friend_id_fk` (`friend_id`),
  KEY `friendship_status_id_fk` (`status_id`),
  CONSTRAINT `friendship_friend_id_fk` FOREIGN KEY (`friend_id`) REFERENCES `users` (`id`),
  CONSTRAINT `friendship_status_id_fk` FOREIGN KEY (`status_id`) REFERENCES `friendship_statuses` (`id`)
) ENGINE=InnoDB DEFAULT CHARSET=utf8 COLLATE=utf8_unicode_ci COMMENT='Таблица дружбы';
/*!40101 SET character_set_client = @saved_cs_client */;

--
-- Dumping data for table `friendship`
--

LOCK TABLES `friendship` WRITE;
/*!40000 ALTER TABLE `friendship` DISABLE KEYS */;
INSERT INTO `friendship` VALUES (1,96,3,'2020-06-25 21:43:19','1998-02-19 21:01:46','2020-06-25 21:43:19'),(2,62,1,'2016-11-28 05:28:45','1983-03-16 14:24:33','2020-06-25 21:38:04'),(3,14,1,'2020-06-25 21:43:19','2005-07-23 11:21:18','2020-06-25 21:43:19'),(4,35,2,'2020-06-25 21:43:19','1979-02-05 14:36:39','2020-06-25 21:43:19'),(5,46,1,'2020-06-25 21:43:19','2005-02-07 02:32:32','2020-06-25 21:43:19'),(6,70,1,'2020-06-25 21:43:19','1986-12-29 09:51:43','2020-06-25 21:43:19'),(8,86,1,'2018-04-17 06:53:48','1974-08-25 06:12:56','2020-06-25 21:38:04'),(8,98,3,'2020-06-25 21:43:19','1981-09-30 05:26:25','2020-06-25 21:43:19'),(9,66,2,'2020-06-25 21:43:19','2011-08-19 11:05:11','2020-06-25 21:43:19'),(12,23,1,'1989-02-20 15:20:07','1985-06-17 18:40:43','2020-06-25 21:38:04'),(14,78,2,'1999-05-31 09:38:20','1997-12-13 23:33:40','2020-06-25 21:38:04'),(16,46,1,'2017-05-25 09:34:20','2000-12-07 09:30:39','2020-06-25 21:38:04'),(17,49,1,'2000-06-28 03:08:51','1992-11-30 09:20:43','2020-06-25 21:38:04'),(17,60,1,'2020-06-25 21:43:19','2013-10-27 11:25:08','2020-06-25 21:43:19'),(17,84,1,'2014-11-24 01:18:49','1992-08-17 00:22:34','2020-06-25 21:38:04'),(20,98,2,'2016-07-30 11:55:15','1983-11-20 15:33:19','2020-06-25 21:38:04'),(24,97,2,'2020-06-25 21:43:19','1980-09-10 17:36:38','2020-06-25 21:43:19'),(25,16,2,'1999-05-25 17:25:49','1974-04-01 08:06:08','2020-06-25 21:38:04'),(27,28,2,'2019-07-06 12:12:59','1970-03-20 08:48:43','2020-06-25 21:38:04'),(27,41,3,'2020-06-25 21:43:19','1983-07-18 05:04:44','2020-06-25 21:43:19'),(27,65,3,'2005-12-31 20:56:25','1976-01-21 13:43:34','2020-06-25 21:38:04'),(28,63,2,'2020-06-25 21:43:19','1993-10-03 01:10:23','2020-06-25 21:43:19'),(29,66,2,'2001-09-01 15:56:44','1988-11-22 19:04:23','2020-06-25 21:38:04'),(30,60,3,'2020-06-25 21:43:19','1978-08-05 10:12:30','2020-06-25 21:43:19'),(34,58,3,'2020-06-25 21:43:19','2011-08-06 21:36:44','2020-06-25 21:43:19'),(36,2,2,'1988-01-15 22:07:41','1980-11-20 10:14:55','2020-06-25 21:38:04'),(36,97,3,'2020-06-25 21:43:19','2013-12-04 15:11:29','2020-06-25 21:43:19'),(41,8,3,'2020-06-25 21:43:19','2010-06-13 06:16:26','2020-06-25 21:43:19'),(41,70,3,'2020-06-25 21:43:19','1992-05-20 08:03:22','2020-06-25 21:43:19'),(42,14,2,'2020-06-25 21:43:19','1995-01-31 23:31:37','2020-06-25 21:43:19'),(42,27,3,'1994-03-09 08:39:01','1991-07-18 23:21:31','2020-06-25 21:38:04'),(43,75,3,'2009-05-30 14:23:26','1983-08-02 05:05:32','2020-06-25 21:38:04'),(44,93,2,'1983-09-24 07:05:00','1981-05-21 05:51:40','2020-06-25 21:38:04'),(45,93,3,'2020-06-25 21:43:19','2007-03-26 06:35:41','2020-06-25 21:43:19'),(49,65,2,'2020-06-25 21:43:19','1992-08-25 08:45:14','2020-06-25 21:43:19'),(61,1,2,'2006-06-21 13:37:44','1980-05-14 10:34:32','2020-06-25 21:38:04'),(61,18,3,'2008-12-11 03:24:54','1990-08-16 11:00:14','2020-06-25 21:38:04'),(62,1,2,'1998-06-28 20:28:37','1982-01-12 07:14:25','2020-06-25 21:38:04'),(63,70,2,'2003-11-12 20:21:45','1976-10-23 13:34:18','2020-06-25 21:38:04'),(66,76,2,'2006-06-28 14:16:26','1973-11-18 18:30:20','2020-06-25 21:38:04'),(68,44,3,'2009-11-17 00:55:47','1993-07-23 13:10:06','2020-06-25 21:38:04'),(77,95,1,'2020-06-25 21:43:19','1993-05-11 07:27:15','2020-06-25 21:43:19'),(78,92,3,'2020-06-25 21:43:19','2012-11-08 21:27:12','2020-06-25 21:43:19'),(79,25,1,'2020-06-25 21:43:19','2006-03-02 11:56:21','2020-06-25 21:43:19'),(80,12,3,'2015-01-26 22:34:51','2012-07-01 01:32:25','2020-06-25 21:38:04'),(84,78,2,'2020-06-25 21:43:19','2018-01-08 00:05:41','2020-06-25 21:43:19'),(84,89,3,'2018-01-19 06:30:06','1978-05-30 00:10:25','2020-06-25 21:38:04'),(86,57,2,'2020-06-25 21:43:19','2004-08-28 22:42:53','2020-06-25 21:43:19'),(87,59,1,'2020-06-25 21:43:19','1991-03-03 22:42:06','2020-06-25 21:43:19'),(94,2,2,'2020-06-25 21:43:19','1980-11-26 02:12:42','2020-06-25 21:43:19');
/*!40000 ALTER TABLE `friendship` ENABLE KEYS */;
UNLOCK TABLES;

--
-- Table structure for table `friendship_statuses`
--

DROP TABLE IF EXISTS `friendship_statuses`;
/*!40101 SET @saved_cs_client     = @@character_set_client */;
/*!40101 SET character_set_client = utf8 */;
CREATE TABLE `friendship_statuses` (
  `id` int unsigned NOT NULL AUTO_INCREMENT COMMENT 'Идентификатор строки',
  `name` varchar(150) CHARACTER SET utf8 COLLATE utf8_unicode_ci NOT NULL COMMENT 'Название статуса',
  `created_at` datetime DEFAULT CURRENT_TIMESTAMP COMMENT 'Время создания строки',
  `updated_at` datetime DEFAULT CURRENT_TIMESTAMP ON UPDATE CURRENT_TIMESTAMP COMMENT 'Время обновления строки',
  PRIMARY KEY (`id`),
  UNIQUE KEY `name` (`name`)
) ENGINE=InnoDB AUTO_INCREMENT=4 DEFAULT CHARSET=utf8 COLLATE=utf8_unicode_ci COMMENT='Статусы дружбы';
/*!40101 SET character_set_client = @saved_cs_client */;

--
-- Dumping data for table `friendship_statuses`
--

LOCK TABLES `friendship_statuses` WRITE;
/*!40000 ALTER TABLE `friendship_statuses` DISABLE KEYS */;
INSERT INTO `friendship_statuses` VALUES (1,'Requested','2020-06-25 21:37:48','2020-06-25 21:37:48'),(2,'Confirmed','2020-06-25 21:37:48','2020-06-25 21:37:48'),(3,'Rejected','2020-06-25 21:37:48','2020-06-25 21:37:48');
/*!40000 ALTER TABLE `friendship_statuses` ENABLE KEYS */;
UNLOCK TABLES;

--
-- Table structure for table `likes`
--

DROP TABLE IF EXISTS `likes`;
/*!40101 SET @saved_cs_client     = @@character_set_client */;
/*!40101 SET character_set_client = utf8 */;
CREATE TABLE `likes` (
  `id` int unsigned NOT NULL AUTO_INCREMENT,
  `user_id` int unsigned NOT NULL,
  `target_id` int unsigned NOT NULL,
  `target_type_id` int unsigned NOT NULL,
  `created_at` datetime DEFAULT CURRENT_TIMESTAMP,
  PRIMARY KEY (`id`),
  KEY `likes_target_type_id_fk` (`target_type_id`),
  KEY `likes_user_id_fk` (`user_id`),
  KEY `likes_target_id_fk` (`target_id`),
  CONSTRAINT `likes_target_id_fk` FOREIGN KEY (`target_id`) REFERENCES `posts` (`id`),
  CONSTRAINT `likes_target_type_id_fk` FOREIGN KEY (`target_type_id`) REFERENCES `target_types` (`id`),
  CONSTRAINT `likes_user_id_fk` FOREIGN KEY (`user_id`) REFERENCES `users` (`id`)
) ENGINE=InnoDB AUTO_INCREMENT=201 DEFAULT CHARSET=utf8mb4 COLLATE=utf8mb4_0900_ai_ci;
/*!40101 SET character_set_client = @saved_cs_client */;

--
-- Dumping data for table `likes`
--

LOCK TABLES `likes` WRITE;
/*!40000 ALTER TABLE `likes` DISABLE KEYS */;
INSERT INTO `likes` VALUES (1,3,45,1,'2020-07-06 20:22:42'),(2,40,55,3,'2020-07-06 20:22:42'),(3,4,58,4,'2020-07-06 20:22:42'),(4,12,27,4,'2020-07-06 20:22:42'),(5,17,85,3,'2020-07-06 20:22:42'),(6,15,50,1,'2020-07-06 20:22:42'),(7,78,73,2,'2020-07-06 20:22:42'),(8,39,98,3,'2020-07-06 20:22:42'),(9,67,20,4,'2020-07-06 20:22:42'),(10,19,9,4,'2020-07-06 20:22:42'),(11,13,100,3,'2020-07-06 20:22:42'),(12,5,39,4,'2020-07-06 20:22:42'),(13,84,79,2,'2020-07-06 20:22:42'),(14,82,76,2,'2020-07-06 20:22:42'),(15,47,28,4,'2020-07-06 20:22:42'),(16,11,59,3,'2020-07-06 20:22:42'),(17,18,15,1,'2020-07-06 20:22:42'),(18,40,49,2,'2020-07-06 20:22:42'),(19,83,37,2,'2020-07-06 20:22:42'),(20,69,35,3,'2020-07-06 20:22:42'),(21,31,53,3,'2020-07-06 20:22:42'),(22,94,59,1,'2020-07-06 20:22:42'),(23,81,68,4,'2020-07-06 20:22:42'),(24,86,36,1,'2020-07-06 20:22:42'),(25,87,79,2,'2020-07-06 20:22:42'),(26,27,36,4,'2020-07-06 20:22:42'),(27,81,12,1,'2020-07-06 20:22:42'),(28,43,66,1,'2020-07-06 20:22:42'),(29,7,32,2,'2020-07-06 20:22:42'),(30,93,51,3,'2020-07-06 20:22:42'),(31,18,68,4,'2020-07-06 20:22:42'),(32,19,41,2,'2020-07-06 20:22:42'),(33,9,4,4,'2020-07-06 20:22:42'),(34,57,1,2,'2020-07-06 20:22:42'),(35,67,31,3,'2020-07-06 20:22:42'),(36,87,64,3,'2020-07-06 20:22:42'),(37,7,56,3,'2020-07-06 20:22:42'),(38,16,8,4,'2020-07-06 20:22:42'),(39,39,15,3,'2020-07-06 20:22:42'),(40,50,72,1,'2020-07-06 20:22:42'),(41,27,10,3,'2020-07-06 20:22:42'),(42,7,34,2,'2020-07-06 20:22:42'),(43,32,17,4,'2020-07-06 20:22:42'),(44,94,4,2,'2020-07-06 20:22:42'),(45,73,52,2,'2020-07-06 20:22:42'),(46,45,3,4,'2020-07-06 20:22:42'),(47,93,25,2,'2020-07-06 20:22:42'),(48,44,86,4,'2020-07-06 20:22:42'),(49,41,4,4,'2020-07-06 20:22:42'),(50,67,46,2,'2020-07-06 20:22:42'),(51,11,64,4,'2020-07-06 20:22:42'),(52,45,63,4,'2020-07-06 20:22:42'),(53,11,12,2,'2020-07-06 20:22:42'),(54,3,30,2,'2020-07-06 20:22:42'),(55,16,56,2,'2020-07-06 20:22:42'),(56,96,81,1,'2020-07-06 20:22:42'),(57,30,8,2,'2020-07-06 20:22:42'),(58,8,99,3,'2020-07-06 20:22:42'),(59,56,66,3,'2020-07-06 20:22:42'),(60,18,1,2,'2020-07-06 20:22:42'),(61,44,71,1,'2020-07-06 20:22:42'),(62,99,29,2,'2020-07-06 20:22:42'),(63,44,83,4,'2020-07-06 20:22:42'),(64,46,91,1,'2020-07-06 20:22:42'),(65,25,63,2,'2020-07-06 20:22:42'),(66,15,52,1,'2020-07-06 20:22:42'),(67,15,33,1,'2020-07-06 20:22:42'),(68,94,12,4,'2020-07-06 20:22:42'),(69,56,43,2,'2020-07-06 20:22:42'),(70,10,5,4,'2020-07-06 20:22:42'),(71,57,1,2,'2020-07-06 20:22:42'),(72,65,25,2,'2020-07-06 20:22:42'),(73,75,84,4,'2020-07-06 20:22:42'),(74,22,24,3,'2020-07-06 20:22:42'),(75,88,84,3,'2020-07-06 20:22:42'),(76,25,56,1,'2020-07-06 20:22:42'),(77,60,83,2,'2020-07-06 20:22:42'),(78,29,35,4,'2020-07-06 20:22:42'),(79,46,56,2,'2020-07-06 20:22:42'),(80,53,33,1,'2020-07-06 20:22:42'),(81,19,84,3,'2020-07-06 20:22:42'),(82,65,34,3,'2020-07-06 20:22:42'),(83,70,27,1,'2020-07-06 20:22:42'),(84,44,43,4,'2020-07-06 20:22:42'),(85,76,38,3,'2020-07-06 20:22:42'),(86,90,67,3,'2020-07-06 20:22:42'),(87,29,46,2,'2020-07-06 20:22:42'),(88,76,52,2,'2020-07-06 20:22:42'),(89,4,20,4,'2020-07-06 20:22:42'),(90,92,89,3,'2020-07-06 20:22:42'),(91,65,27,2,'2020-07-06 20:22:42'),(92,6,20,4,'2020-07-06 20:22:42'),(93,30,17,4,'2020-07-06 20:22:42'),(94,26,43,2,'2020-07-06 20:22:42'),(95,47,30,1,'2020-07-06 20:22:42'),(96,48,17,2,'2020-07-06 20:22:42'),(97,48,20,3,'2020-07-06 20:22:42'),(98,24,48,3,'2020-07-06 20:22:42'),(99,95,71,3,'2020-07-06 20:22:42'),(100,29,41,1,'2020-07-06 20:22:42'),(101,64,65,2,'2020-07-06 20:22:42'),(102,64,24,2,'2020-07-06 20:22:42'),(103,73,76,3,'2020-07-06 20:22:42'),(104,79,8,1,'2020-07-06 20:22:42'),(105,87,27,3,'2020-07-06 20:22:42'),(106,87,15,1,'2020-07-06 20:22:42'),(107,21,66,3,'2020-07-06 20:22:42'),(108,34,70,2,'2020-07-06 20:22:42'),(109,34,22,1,'2020-07-06 20:22:42'),(110,63,100,1,'2020-07-06 20:22:42'),(111,37,61,4,'2020-07-06 20:22:42'),(112,98,1,1,'2020-07-06 20:22:42'),(113,54,32,4,'2020-07-06 20:22:42'),(114,4,20,4,'2020-07-06 20:22:42'),(115,67,80,4,'2020-07-06 20:22:42'),(116,55,78,1,'2020-07-06 20:22:42'),(117,91,78,1,'2020-07-06 20:22:42'),(118,44,73,2,'2020-07-06 20:22:42'),(119,49,44,3,'2020-07-06 20:22:42'),(120,25,11,4,'2020-07-06 20:22:42'),(121,65,85,2,'2020-07-06 20:22:42'),(122,94,79,1,'2020-07-06 20:22:42'),(123,24,83,2,'2020-07-06 20:22:42'),(124,59,70,3,'2020-07-06 20:22:42'),(125,52,44,3,'2020-07-06 20:22:42'),(126,74,86,1,'2020-07-06 20:22:42'),(127,83,87,4,'2020-07-06 20:22:42'),(128,76,17,3,'2020-07-06 20:22:42'),(129,37,12,2,'2020-07-06 20:22:42'),(130,7,89,1,'2020-07-06 20:22:42'),(131,46,59,3,'2020-07-06 20:22:42'),(132,18,13,1,'2020-07-06 20:22:42'),(133,6,2,4,'2020-07-06 20:22:42'),(134,54,93,1,'2020-07-06 20:22:42'),(135,28,37,1,'2020-07-06 20:22:42'),(136,91,51,4,'2020-07-06 20:22:42'),(137,60,52,4,'2020-07-06 20:22:42'),(138,40,61,4,'2020-07-06 20:22:42'),(139,38,38,3,'2020-07-06 20:22:42'),(140,61,78,1,'2020-07-06 20:22:42'),(141,7,8,1,'2020-07-06 20:22:42'),(142,72,2,4,'2020-07-06 20:22:42'),(143,56,2,2,'2020-07-06 20:22:42'),(144,9,13,2,'2020-07-06 20:22:42'),(145,59,74,4,'2020-07-06 20:22:42'),(146,48,56,2,'2020-07-06 20:22:42'),(147,10,43,4,'2020-07-06 20:22:42'),(148,98,33,3,'2020-07-06 20:22:42'),(149,58,73,4,'2020-07-06 20:22:42'),(150,38,14,3,'2020-07-06 20:22:42'),(151,31,93,3,'2020-07-06 20:22:42'),(152,75,59,3,'2020-07-06 20:22:42'),(153,86,12,1,'2020-07-06 20:22:42'),(154,67,34,3,'2020-07-06 20:22:42'),(155,32,58,4,'2020-07-06 20:22:42'),(156,91,75,1,'2020-07-06 20:22:42'),(157,93,53,4,'2020-07-06 20:22:42'),(158,74,7,1,'2020-07-06 20:22:42'),(159,45,86,4,'2020-07-06 20:22:42'),(160,1,29,2,'2020-07-06 20:22:42'),(161,14,48,4,'2020-07-06 20:22:42'),(162,50,54,1,'2020-07-06 20:22:42'),(163,38,26,1,'2020-07-06 20:22:42'),(164,13,9,1,'2020-07-06 20:22:42'),(165,91,46,3,'2020-07-06 20:22:42'),(166,38,23,4,'2020-07-06 20:22:42'),(167,29,46,2,'2020-07-06 20:22:42'),(168,74,40,4,'2020-07-06 20:22:42'),(169,81,63,3,'2020-07-06 20:22:42'),(170,59,88,3,'2020-07-06 20:22:42'),(171,37,3,1,'2020-07-06 20:22:42'),(172,20,79,2,'2020-07-06 20:22:42'),(173,47,21,3,'2020-07-06 20:22:42'),(174,68,38,4,'2020-07-06 20:22:42'),(175,22,46,3,'2020-07-06 20:22:42'),(176,87,40,2,'2020-07-06 20:22:42'),(177,72,46,1,'2020-07-06 20:22:42'),(178,12,29,1,'2020-07-06 20:22:42'),(179,50,28,4,'2020-07-06 20:22:42'),(180,63,45,2,'2020-07-06 20:22:42'),(181,49,35,2,'2020-07-06 20:22:42'),(182,23,38,1,'2020-07-06 20:22:42'),(183,81,50,1,'2020-07-06 20:22:42'),(184,71,40,4,'2020-07-06 20:22:42'),(185,21,41,2,'2020-07-06 20:22:42'),(186,74,51,2,'2020-07-06 20:22:42'),(187,7,40,4,'2020-07-06 20:22:42'),(188,75,38,3,'2020-07-06 20:22:42'),(189,8,44,4,'2020-07-06 20:22:42'),(190,50,58,2,'2020-07-06 20:22:42'),(191,36,52,2,'2020-07-06 20:22:42'),(192,95,26,2,'2020-07-06 20:22:42'),(193,38,61,4,'2020-07-06 20:22:42'),(194,69,74,3,'2020-07-06 20:22:42'),(195,92,70,4,'2020-07-06 20:22:42'),(196,66,4,1,'2020-07-06 20:22:42'),(197,85,67,4,'2020-07-06 20:22:42'),(198,95,35,4,'2020-07-06 20:22:42'),(199,54,91,4,'2020-07-06 20:22:42'),(200,100,13,3,'2020-07-06 20:22:42');
/*!40000 ALTER TABLE `likes` ENABLE KEYS */;
UNLOCK TABLES;

--
-- Table structure for table `media`
--

DROP TABLE IF EXISTS `media`;
/*!40101 SET @saved_cs_client     = @@character_set_client */;
/*!40101 SET character_set_client = utf8 */;
CREATE TABLE `media` (
  `id` int unsigned NOT NULL AUTO_INCREMENT COMMENT 'Идентификатор строки',
  `user_id` int unsigned NOT NULL COMMENT 'Ссылка на пользователя, который загрузил файл',
  `filename` varchar(255) CHARACTER SET utf8 COLLATE utf8_unicode_ci NOT NULL COMMENT 'Путь к файлу',
  `size` int NOT NULL COMMENT 'Размер файла',
  `metadata` json DEFAULT NULL,
  `media_type_id` int unsigned NOT NULL COMMENT 'Ссылка на тип контента',
  `created_at` datetime DEFAULT CURRENT_TIMESTAMP COMMENT 'Время создания строки',
  `updated_at` datetime DEFAULT CURRENT_TIMESTAMP ON UPDATE CURRENT_TIMESTAMP COMMENT 'Время обновления строки',
  PRIMARY KEY (`id`),
  KEY `media_user_id_fk` (`user_id`),
  KEY `media_type_id_fk` (`media_type_id`),
  CONSTRAINT `media_type_id_fk` FOREIGN KEY (`media_type_id`) REFERENCES `media_types` (`id`),
  CONSTRAINT `media_user_id_fk` FOREIGN KEY (`user_id`) REFERENCES `users` (`id`),
  CONSTRAINT `media_chk_1` CHECK (json_valid(`metadata`))
) ENGINE=InnoDB AUTO_INCREMENT=201 DEFAULT CHARSET=utf8 COLLATE=utf8_unicode_ci COMMENT='Медиафайлы';
/*!40101 SET character_set_client = @saved_cs_client */;

--
-- Dumping data for table `media`
--

LOCK TABLES `media` WRITE;
/*!40000 ALTER TABLE `media` DISABLE KEYS */;
INSERT INTO `media` VALUES (1,45,'https://dropbox.com/vk/rerum.avi',219947,'{\"owner\": \"Domenic Kris\"}',1,'1971-11-05 10:23:38','2020-06-25 21:19:25'),(2,21,'https://dropbox.com/vk/vel.png',28319,'{\"owner\": \"Alba Hagenes\"}',1,'2005-12-15 02:58:10','2020-06-25 21:29:23'),(3,70,'https://dropbox.com/vk/iste.gif',29492,'{\"owner\": \"Hoyt Hintz\"}',2,'2002-07-02 12:40:21','2020-06-25 21:29:23'),(4,87,'https://dropbox.com/vk/tempore.mpeg',569046,'{\"owner\": \"Jarrod Bode\"}',2,'2009-05-16 13:20:13','2020-06-25 21:29:23'),(5,24,'https://dropbox.com/vk/error.gif',76748,'{\"owner\": \"Noble Homenick\"}',1,'1997-11-18 05:46:17','2020-06-25 21:29:23'),(6,60,'https://dropbox.com/vk/id.mpeg',1315,'{\"owner\": \"Waino Swaniawski\"}',2,'1979-07-14 21:17:25','2020-06-25 21:29:23'),(7,28,'https://dropbox.com/vk/praesentium.png',175390,'{\"owner\": \"Maiya Runte\"}',3,'2010-07-05 09:25:00','2020-06-25 21:29:23'),(8,59,'https://dropbox.com/vk/amet.mpeg',159812,'{\"owner\": \"Maggie Padberg\"}',3,'2018-07-09 11:50:50','2020-06-25 21:29:23'),(9,12,'https://dropbox.com/vk/natus.png',6239459,'{\"owner\": \"Chaz Lang\"}',1,'1991-11-02 05:44:14','2020-06-25 21:29:23'),(10,82,'https://dropbox.com/vk/et.jpeg',555794311,'{\"owner\": \"Andres Hermiston\"}',2,'1982-03-03 17:09:26','2020-06-25 21:29:23'),(11,71,'https://dropbox.com/vk/tempora.mpeg',81738,'{\"owner\": \"Sonia Bayer\"}',2,'2008-10-12 17:59:10','2020-06-25 21:29:23'),(12,12,'https://dropbox.com/vk/eum.avi',90141255,'{\"owner\": \"Chaz Lang\"}',1,'2017-01-16 09:23:18','2020-06-25 21:29:23'),(13,44,'https://dropbox.com/vk/illo.jpeg',262892,'{\"owner\": \"Stewart Stark\"}',2,'1996-02-09 10:57:18','2020-06-25 21:29:23'),(14,85,'https://dropbox.com/vk/velit.mpeg',825022,'{\"owner\": \"Aiden Adams\"}',3,'2000-03-17 09:01:20','2020-06-25 21:29:23'),(15,92,'https://dropbox.com/vk/sequi.avi',326437,'{\"owner\": \"Efrain Kertzmann\"}',2,'1988-11-09 22:37:14','2020-06-25 21:29:23'),(16,4,'https://dropbox.com/vk/autem.avi',147119,'{\"owner\": \"Deja Schowalter\"}',2,'1988-10-25 04:08:28','2020-06-25 21:29:23'),(17,45,'https://dropbox.com/vk/molestias.mpeg',785408,'{\"owner\": \"Domenic Kris\"}',1,'1972-11-01 12:04:25','2020-06-25 21:29:23'),(18,13,'https://dropbox.com/vk/sequi.mpeg',746285,'{\"owner\": \"Queenie Wisoky\"}',2,'1999-11-27 07:32:50','2020-06-25 21:29:23'),(19,28,'https://dropbox.com/vk/voluptatibus.gif',91763,'{\"owner\": \"Maiya Runte\"}',2,'2013-01-18 23:42:19','2020-06-25 21:29:23'),(20,1,'https://dropbox.com/vk/dolor.avi',661461,'{\"owner\": \"Thelma Murray\"}',1,'2003-10-20 06:41:40','2020-06-25 21:29:23'),(21,21,'https://dropbox.com/vk/et.mpeg',29365,'{\"owner\": \"Alba Hagenes\"}',2,'1980-05-13 00:01:30','2020-06-25 21:29:23'),(22,100,'https://dropbox.com/vk/ea.avi',8958304,'{\"owner\": \"Suzanne Stroman\"}',1,'2010-04-23 15:13:02','2020-06-25 21:29:23'),(23,38,'https://dropbox.com/vk/quis.png',84456987,'{\"owner\": \"Stephany Kuvalis\"}',3,'2000-07-17 23:46:40','2020-06-25 21:19:25'),(24,88,'https://dropbox.com/vk/voluptates.gif',231509373,'{\"owner\": \"Opal Harber\"}',3,'2007-12-22 15:40:35','2020-06-25 21:29:23'),(25,25,'https://dropbox.com/vk/odit.avi',7540,'{\"owner\": \"Sandrine Jakubowski\"}',3,'1984-04-25 15:45:25','2020-06-25 21:29:23'),(26,61,'https://dropbox.com/vk/et.jpeg',280068,'{\"owner\": \"Mckenna Langworth\"}',3,'1971-06-21 06:02:26','2020-06-25 21:29:23'),(27,31,'https://dropbox.com/vk/dolorum.png',151484,'{\"owner\": \"Dimitri Kihn\"}',3,'2002-06-01 18:18:04','2020-06-25 21:29:23'),(28,72,'https://dropbox.com/vk/ducimus.avi',907219,'{\"owner\": \"William Boyer\"}',1,'1991-03-02 14:06:49','2020-06-25 21:29:23'),(29,65,'https://dropbox.com/vk/sunt.png',71641,'{\"owner\": \"Nellie Sawayn\"}',1,'2001-01-30 22:09:00','2020-06-25 21:29:23'),(30,11,'https://dropbox.com/vk/aut.png',626550,'{\"owner\": \"Andres Quitzon\"}',1,'2018-12-15 07:53:23','2020-06-25 21:29:23'),(31,57,'https://dropbox.com/vk/minus.png',7481,'{\"owner\": \"Nia Torp\"}',3,'1990-11-21 16:17:17','2020-06-25 21:29:23'),(32,52,'https://dropbox.com/vk/dolor.mpeg',907828,'{\"owner\": \"Americo Barton\"}',3,'1983-10-22 04:23:24','2020-06-25 21:29:23'),(33,88,'https://dropbox.com/vk/sed.gif',649489,'{\"owner\": \"Opal Harber\"}',2,'1991-02-07 10:25:08','2020-06-25 21:29:23'),(34,86,'https://dropbox.com/vk/quis.gif',525588315,'{\"owner\": \"Wilford Schaden\"}',2,'2000-08-11 14:55:59','2020-06-25 21:29:23'),(35,62,'https://dropbox.com/vk/est.avi',513962,'{\"owner\": \"Marlene Kohler\"}',1,'2004-11-30 18:10:18','2020-06-25 21:29:23'),(36,55,'https://dropbox.com/vk/ut.mpeg',611343,'{\"owner\": \"Keanu Torphy\"}',1,'1989-02-13 14:52:34','2020-06-25 21:29:23'),(37,86,'https://dropbox.com/vk/et.png',26823472,'{\"owner\": \"Wilford Schaden\"}',1,'1982-03-18 12:49:38','2020-06-25 21:29:23'),(38,64,'https://dropbox.com/vk/esse.png',5811143,'{\"owner\": \"Berry Jacobi\"}',1,'2014-03-03 21:41:28','2020-06-25 21:29:23'),(39,61,'https://dropbox.com/vk/porro.gif',504829,'{\"owner\": \"Mckenna Langworth\"}',3,'2011-09-03 10:11:51','2020-06-25 21:29:23'),(40,14,'https://dropbox.com/vk/et.avi',680119,'{\"owner\": \"Kattie Pollich\"}',3,'2012-12-12 23:49:20','2020-06-25 21:29:23'),(41,87,'https://dropbox.com/vk/laborum.mpeg',8667150,'{\"owner\": \"Jarrod Bode\"}',2,'1998-06-13 20:05:45','2020-06-25 21:29:23'),(42,91,'https://dropbox.com/vk/recusandae.mpeg',2640,'{\"owner\": \"Maud Zemlak\"}',2,'1986-02-18 08:17:09','2020-06-25 21:19:25'),(43,94,'https://dropbox.com/vk/delectus.gif',222847,'{\"owner\": \"Adolph Langworth\"}',3,'1980-05-19 18:29:34','2020-06-25 21:19:25'),(44,96,'https://dropbox.com/vk/cum.png',14178624,'{\"owner\": \"Clyde Stamm\"}',3,'1975-11-23 10:02:07','2020-06-25 21:29:23'),(45,97,'https://dropbox.com/vk/similique.mpeg',876109,'{\"owner\": \"Bridget Hilpert\"}',3,'1979-05-31 12:40:36','2020-06-25 21:29:23'),(46,96,'https://dropbox.com/vk/qui.gif',330186,'{\"owner\": \"Clyde Stamm\"}',1,'1985-04-25 14:01:03','2020-06-25 21:29:23'),(47,87,'https://dropbox.com/vk/saepe.png',12604,'{\"owner\": \"Jarrod Bode\"}',1,'2012-04-28 20:39:49','2020-06-25 21:29:23'),(48,49,'https://dropbox.com/vk/est.avi',62463,'{\"owner\": \"Alvis Kertzmann\"}',1,'1989-08-29 09:07:45','2020-06-25 21:29:23'),(49,85,'https://dropbox.com/vk/quaerat.avi',97603951,'{\"owner\": \"Aiden Adams\"}',2,'2001-03-30 07:13:30','2020-06-25 21:29:23'),(50,74,'https://dropbox.com/vk/cupiditate.gif',28534560,'{\"owner\": \"Teagan Stanton\"}',3,'2005-03-18 23:37:26','2020-06-25 21:29:23'),(51,16,'https://dropbox.com/vk/nobis.avi',264505,'{\"owner\": \"Celestino Russel\"}',2,'2003-02-10 15:58:08','2020-06-25 21:29:23'),(52,58,'https://dropbox.com/vk/nemo.png',125134,'{\"owner\": \"Katarina O\'Keefe\"}',2,'1989-12-19 14:06:48','2020-06-25 21:29:23'),(53,40,'https://dropbox.com/vk/suscipit.mpeg',97438786,'{\"owner\": \"Emory Turcotte\"}',1,'1986-04-19 16:08:36','2020-06-25 21:29:23'),(54,28,'https://dropbox.com/vk/quod.gif',514557,'{\"owner\": \"Maiya Runte\"}',2,'2013-08-07 12:18:11','2020-06-25 21:29:23'),(55,18,'https://dropbox.com/vk/quo.mpeg',20934637,'{\"owner\": \"Helena Rau\"}',3,'1991-07-05 02:23:42','2020-06-25 21:29:23'),(56,5,'https://dropbox.com/vk/dolorem.jpeg',55870319,'{\"owner\": \"Freda Bailey\"}',2,'2019-12-21 16:53:48','2020-06-25 21:29:23'),(57,72,'https://dropbox.com/vk/tempore.gif',822158,'{\"owner\": \"William Boyer\"}',2,'1998-01-27 02:12:26','2020-06-25 21:29:23'),(58,42,'https://dropbox.com/vk/aliquam.mpeg',7272,'{\"owner\": \"Lawrence Conroy\"}',2,'2011-09-16 19:36:53','2020-06-25 21:29:23'),(59,93,'https://dropbox.com/vk/iusto.png',725389,'{\"owner\": \"Allene Satterfield\"}',2,'2009-05-22 03:25:02','2020-06-25 21:29:23'),(60,41,'https://dropbox.com/vk/voluptatum.gif',150470,'{\"owner\": \"Allene Jaskolski\"}',1,'2014-03-11 01:00:30','2020-06-25 21:29:23'),(61,24,'https://dropbox.com/vk/omnis.avi',132433972,'{\"owner\": \"Noble Homenick\"}',3,'1977-07-02 02:10:33','2020-06-25 21:29:23'),(62,95,'https://dropbox.com/vk/qui.png',5940,'{\"owner\": \"Arjun Waelchi\"}',3,'1993-04-13 21:00:01','2020-06-25 21:29:23'),(63,6,'https://dropbox.com/vk/quis.avi',89846343,'{\"owner\": \"Gerry Gulgowski\"}',2,'2016-07-28 00:38:44','2020-06-25 21:29:23'),(64,42,'https://dropbox.com/vk/asperiores.avi',566183,'{\"owner\": \"Lawrence Conroy\"}',2,'1985-11-23 12:55:30','2020-06-25 21:29:23'),(65,94,'https://dropbox.com/vk/rerum.mpeg',369507,'{\"owner\": \"Adolph Langworth\"}',2,'1984-10-29 22:53:20','2020-06-25 21:29:23'),(66,40,'https://dropbox.com/vk/deserunt.mpeg',138987,'{\"owner\": \"Emory Turcotte\"}',2,'2009-01-20 03:50:26','2020-06-25 21:29:23'),(67,20,'https://dropbox.com/vk/voluptatem.mpeg',8964,'{\"owner\": \"Brad Schowalter\"}',3,'2011-01-11 08:45:32','2020-06-25 21:29:23'),(68,80,'https://dropbox.com/vk/ad.avi',73604,'{\"owner\": \"Gayle Murray\"}',1,'1992-01-04 17:15:22','2020-06-25 21:29:23'),(69,39,'https://dropbox.com/vk/et.jpeg',576414,'{\"owner\": \"Madaline Rutherford\"}',1,'1979-04-01 06:04:12','2020-06-25 21:29:23'),(70,53,'https://dropbox.com/vk/delectus.jpeg',455109,'{\"owner\": \"Marisa Bruen\"}',1,'2013-06-26 18:02:58','2020-06-25 21:29:23'),(71,50,'https://dropbox.com/vk/autem.gif',536306,'{\"owner\": \"Georgianna O\'Connell\"}',1,'1991-08-19 22:25:32','2020-06-25 21:29:23'),(72,92,'https://dropbox.com/vk/dolor.avi',24359152,'{\"owner\": \"Efrain Kertzmann\"}',2,'2017-01-31 15:48:44','2020-06-25 21:29:23'),(73,6,'https://dropbox.com/vk/reprehenderit.jpeg',306200,'{\"owner\": \"Gerry Gulgowski\"}',1,'2000-04-13 01:28:41','2020-06-25 21:29:23'),(74,53,'https://dropbox.com/vk/rerum.jpeg',931796811,'{\"owner\": \"Marisa Bruen\"}',1,'2004-11-01 14:05:00','2020-06-25 21:29:23'),(75,47,'https://dropbox.com/vk/dolorem.avi',912083,'{\"owner\": \"Kellen Douglas\"}',2,'1993-09-27 19:03:22','2020-06-25 21:29:23'),(76,75,'https://dropbox.com/vk/quam.jpeg',631818,'{\"owner\": \"Golden Schamberger\"}',2,'2012-08-09 11:22:21','2020-06-25 21:29:23'),(77,35,'https://dropbox.com/vk/distinctio.jpeg',735940,'{\"owner\": \"Khalil Ondricka\"}',2,'1989-02-27 17:47:17','2020-06-25 21:29:23'),(78,49,'https://dropbox.com/vk/quaerat.gif',412840,'{\"owner\": \"Alvis Kertzmann\"}',3,'1974-04-02 22:27:00','2020-06-25 21:29:23'),(79,38,'https://dropbox.com/vk/libero.png',158745,'{\"owner\": \"Stephany Kuvalis\"}',1,'1987-09-08 11:54:14','2020-06-25 21:29:23'),(80,43,'https://dropbox.com/vk/dolorem.avi',6020540,'{\"owner\": \"Kiley Feeney\"}',2,'1981-01-10 14:59:10','2020-06-25 21:29:23'),(81,1,'https://dropbox.com/vk/ut.mpeg',545205,'{\"owner\": \"Thelma Murray\"}',1,'1994-04-27 06:33:20','2020-06-25 21:19:25'),(82,75,'https://dropbox.com/vk/ut.avi',822338908,'{\"owner\": \"Golden Schamberger\"}',1,'1989-07-15 10:59:12','2020-06-25 21:29:23'),(83,72,'https://dropbox.com/vk/voluptas.avi',5861805,'{\"owner\": \"William Boyer\"}',3,'1973-05-23 23:41:00','2020-06-25 21:19:25'),(84,36,'https://dropbox.com/vk/est.mpeg',239793,'{\"owner\": \"Jay Robel\"}',2,'1986-03-27 09:59:59','2020-06-25 21:29:23'),(85,64,'https://dropbox.com/vk/fugiat.png',43960,'{\"owner\": \"Berry Jacobi\"}',1,'1970-04-04 07:44:34','2020-06-25 21:29:23'),(86,9,'https://dropbox.com/vk/et.avi',553348,'{\"owner\": \"Mason Jaskolski\"}',2,'2018-02-08 02:00:07','2020-06-25 21:29:23'),(87,55,'https://dropbox.com/vk/id.png',620040,'{\"owner\": \"Keanu Torphy\"}',3,'1974-09-20 23:44:25','2020-06-25 21:29:23'),(88,47,'https://dropbox.com/vk/nihil.gif',8364118,'{\"owner\": \"Kellen Douglas\"}',1,'1989-10-23 02:23:00','2020-06-25 21:29:23'),(89,69,'https://dropbox.com/vk/esse.avi',774627082,'{\"owner\": \"Lavern Berge\"}',3,'1973-04-08 14:47:16','2020-06-25 21:29:23'),(90,4,'https://dropbox.com/vk/ducimus.jpeg',90904,'{\"owner\": \"Deja Schowalter\"}',1,'2004-01-16 13:45:55','2020-06-25 21:29:23'),(91,12,'https://dropbox.com/vk/dolores.png',4152,'{\"owner\": \"Chaz Lang\"}',3,'1986-08-08 04:03:19','2020-06-25 21:29:23'),(92,48,'https://dropbox.com/vk/dolore.mpeg',856638197,'{\"owner\": \"Asa Wilkinson\"}',1,'2011-04-12 06:58:39','2020-06-25 21:29:23'),(93,3,'https://dropbox.com/vk/molestiae.mpeg',47327174,'{\"owner\": \"Heloise Ondricka\"}',1,'1980-12-17 08:49:24','2020-06-25 21:29:23'),(94,71,'https://dropbox.com/vk/quos.avi',37362,'{\"owner\": \"Sonia Bayer\"}',3,'1974-07-26 23:16:57','2020-06-25 21:29:23'),(95,45,'https://dropbox.com/vk/hic.png',516769,'{\"owner\": \"Domenic Kris\"}',1,'1971-09-30 13:08:14','2020-06-25 21:29:23'),(96,11,'https://dropbox.com/vk/rerum.avi',461758,'{\"owner\": \"Andres Quitzon\"}',3,'2020-03-12 14:49:26','2020-06-25 21:29:23'),(97,22,'https://dropbox.com/vk/minus.jpeg',9446856,'{\"owner\": \"Velva Moore\"}',2,'1981-08-05 01:57:17','2020-06-25 21:29:23'),(98,75,'https://dropbox.com/vk/aliquam.jpeg',748483,'{\"owner\": \"Golden Schamberger\"}',2,'1987-09-22 11:53:57','2020-06-25 21:29:23'),(99,10,'https://dropbox.com/vk/culpa.gif',4677,'{\"owner\": \"Marcus Spencer\"}',3,'1987-08-02 18:20:36','2020-06-25 21:29:23'),(100,24,'https://dropbox.com/vk/dicta.avi',41004,'{\"owner\": \"Noble Homenick\"}',1,'1992-05-26 01:53:20','2020-06-25 21:29:23'),(101,91,'https://dropbox.com/vk/modi.gif',347140,'{\"owner\": \"Maud Zemlak\"}',2,'2002-01-26 11:01:00','2020-06-25 21:29:23'),(102,79,'https://dropbox.com/vk/culpa.mpeg',164962,'{\"owner\": \"Maida Volkman\"}',3,'2017-10-08 23:45:00','2020-06-25 21:29:23'),(103,24,'https://dropbox.com/vk/numquam.avi',171824382,'{\"owner\": \"Noble Homenick\"}',2,'1978-10-27 19:20:29','2020-06-25 21:29:23'),(104,84,'https://dropbox.com/vk/ut.jpeg',280658,'{\"owner\": \"Sibyl Nikolaus\"}',3,'1984-06-23 17:47:48','2020-06-25 21:29:23'),(105,45,'https://dropbox.com/vk/aut.mpeg',4173,'{\"owner\": \"Domenic Kris\"}',1,'1973-10-10 03:02:29','2020-06-25 21:29:23'),(106,75,'https://dropbox.com/vk/vitae.mpeg',2644,'{\"owner\": \"Golden Schamberger\"}',1,'1983-11-29 02:40:55','2020-06-25 21:29:23'),(107,38,'https://dropbox.com/vk/ab.png',480253,'{\"owner\": \"Stephany Kuvalis\"}',1,'1991-03-06 00:01:33','2020-06-25 21:29:23'),(108,63,'https://dropbox.com/vk/qui.png',349845,'{\"owner\": \"Eddie Kulas\"}',2,'1973-12-24 17:50:02','2020-06-25 21:29:23'),(109,3,'https://dropbox.com/vk/quisquam.jpeg',843823,'{\"owner\": \"Heloise Ondricka\"}',2,'1992-12-11 04:17:24','2020-06-25 21:29:23'),(110,24,'https://dropbox.com/vk/veniam.avi',298466,'{\"owner\": \"Noble Homenick\"}',1,'1970-09-17 04:38:17','2020-06-25 21:29:23'),(111,12,'https://dropbox.com/vk/pariatur.jpeg',25964037,'{\"owner\": \"Chaz Lang\"}',2,'2010-07-12 13:30:00','2020-06-25 21:29:23'),(112,87,'https://dropbox.com/vk/voluptas.mpeg',432797,'{\"owner\": \"Jarrod Bode\"}',1,'1982-09-09 11:07:50','2020-06-25 21:29:23'),(113,100,'https://dropbox.com/vk/ut.gif',567254221,'{\"owner\": \"Suzanne Stroman\"}',3,'1998-06-29 15:33:31','2020-06-25 21:29:23'),(114,39,'https://dropbox.com/vk/id.mpeg',23318152,'{\"owner\": \"Madaline Rutherford\"}',2,'2018-01-13 21:53:24','2020-06-25 21:29:23'),(115,93,'https://dropbox.com/vk/sunt.mpeg',818654,'{\"owner\": \"Allene Satterfield\"}',3,'2003-06-25 19:00:30','2020-06-25 21:29:23'),(116,48,'https://dropbox.com/vk/reiciendis.mpeg',258589,'{\"owner\": \"Asa Wilkinson\"}',1,'1987-05-03 23:21:24','2020-06-25 21:29:23'),(117,62,'https://dropbox.com/vk/dignissimos.png',1074338,'{\"owner\": \"Marlene Kohler\"}',3,'1977-08-16 13:27:33','2020-06-25 21:29:23'),(118,65,'https://dropbox.com/vk/aperiam.png',44501167,'{\"owner\": \"Nellie Sawayn\"}',2,'1989-07-13 04:48:47','2020-06-25 21:29:23'),(119,36,'https://dropbox.com/vk/et.jpeg',84235,'{\"owner\": \"Jay Robel\"}',3,'1988-09-21 02:16:46','2020-06-25 21:29:23'),(120,85,'https://dropbox.com/vk/quod.mpeg',35499923,'{\"owner\": \"Aiden Adams\"}',3,'1970-07-13 09:43:15','2020-06-25 21:29:23'),(121,19,'https://dropbox.com/vk/aut.mpeg',984552,'{\"owner\": \"Kenneth Heathcote\"}',3,'1977-04-18 07:58:33','2020-06-25 21:29:23'),(122,38,'https://dropbox.com/vk/expedita.png',5493,'{\"owner\": \"Stephany Kuvalis\"}',3,'1974-11-12 16:43:41','2020-06-25 21:29:23'),(123,33,'https://dropbox.com/vk/veniam.mpeg',136996,'{\"owner\": \"Virgie Auer\"}',2,'1984-11-07 05:29:41','2020-06-25 21:29:23'),(124,48,'https://dropbox.com/vk/delectus.jpeg',788314,'{\"owner\": \"Asa Wilkinson\"}',1,'1979-11-06 03:12:57','2020-06-25 21:29:23'),(125,43,'https://dropbox.com/vk/quaerat.mpeg',476851784,'{\"owner\": \"Kiley Feeney\"}',3,'1984-04-29 00:16:50','2020-06-25 21:29:23'),(126,69,'https://dropbox.com/vk/cumque.gif',36755,'{\"owner\": \"Lavern Berge\"}',2,'1988-01-05 02:55:46','2020-06-25 21:29:23'),(127,16,'https://dropbox.com/vk/et.mpeg',771210,'{\"owner\": \"Celestino Russel\"}',2,'1970-09-26 04:56:11','2020-06-25 21:29:23'),(128,71,'https://dropbox.com/vk/fugiat.avi',721322,'{\"owner\": \"Sonia Bayer\"}',3,'2005-01-28 06:49:21','2020-06-25 21:29:23'),(129,7,'https://dropbox.com/vk/sit.png',185623,'{\"owner\": \"Micah Beier\"}',3,'1999-05-02 14:00:38','2020-06-25 21:29:23'),(130,20,'https://dropbox.com/vk/cumque.avi',754150,'{\"owner\": \"Brad Schowalter\"}',3,'2010-06-01 06:25:31','2020-06-25 21:29:23'),(131,80,'https://dropbox.com/vk/natus.avi',296698,'{\"owner\": \"Gayle Murray\"}',2,'2015-05-19 15:58:51','2020-06-25 21:29:23'),(132,40,'https://dropbox.com/vk/fuga.mpeg',203880,'{\"owner\": \"Emory Turcotte\"}',3,'1977-07-22 22:07:40','2020-06-25 21:29:23'),(133,58,'https://dropbox.com/vk/facere.mpeg',316272,'{\"owner\": \"Katarina O\'Keefe\"}',3,'2016-11-07 08:34:31','2020-06-25 21:29:23'),(134,70,'https://dropbox.com/vk/autem.jpeg',746953,'{\"owner\": \"Hoyt Hintz\"}',1,'1995-04-05 07:51:56','2020-06-25 21:29:23'),(135,74,'https://dropbox.com/vk/officiis.avi',4464222,'{\"owner\": \"Teagan Stanton\"}',2,'2007-04-04 22:35:58','2020-06-25 21:29:23'),(136,59,'https://dropbox.com/vk/iure.avi',113124,'{\"owner\": \"Maggie Padberg\"}',1,'1987-01-06 13:47:12','2020-06-25 21:29:23'),(137,74,'https://dropbox.com/vk/tenetur.png',314760,'{\"owner\": \"Teagan Stanton\"}',1,'1976-07-13 17:51:03','2020-06-25 21:29:23'),(138,92,'https://dropbox.com/vk/aut.gif',224430,'{\"owner\": \"Efrain Kertzmann\"}',3,'2016-11-16 02:17:51','2020-06-25 21:29:23'),(139,39,'https://dropbox.com/vk/qui.avi',1902,'{\"owner\": \"Madaline Rutherford\"}',2,'2009-04-08 03:00:21','2020-06-25 21:29:23'),(140,17,'https://dropbox.com/vk/quo.gif',167870,'{\"owner\": \"Devin Schulist\"}',2,'1986-01-18 18:30:24','2020-06-25 21:29:23'),(141,67,'https://dropbox.com/vk/est.jpeg',3586887,'{\"owner\": \"Clementina Oberbrunner\"}',2,'2008-05-16 23:06:25','2020-06-25 21:29:23'),(142,86,'https://dropbox.com/vk/unde.jpeg',140669089,'{\"owner\": \"Wilford Schaden\"}',3,'1976-05-02 06:22:04','2020-06-25 21:29:23'),(143,25,'https://dropbox.com/vk/eaque.jpeg',156061,'{\"owner\": \"Sandrine Jakubowski\"}',1,'2017-11-21 13:36:32','2020-06-25 21:29:23'),(144,68,'https://dropbox.com/vk/consequuntur.png',5333408,'{\"owner\": \"Jakayla Torp\"}',2,'2002-05-03 16:39:22','2020-06-25 21:29:23'),(145,66,'https://dropbox.com/vk/expedita.avi',949066533,'{\"owner\": \"Jessika Wehner\"}',2,'2007-02-19 08:47:50','2020-06-25 21:29:23'),(146,22,'https://dropbox.com/vk/corrupti.mpeg',81375,'{\"owner\": \"Velva Moore\"}',3,'2013-01-26 16:20:10','2020-06-25 21:29:23'),(147,15,'https://dropbox.com/vk/quae.png',68587487,'{\"owner\": \"Ettie Gottlieb\"}',1,'2007-05-29 16:24:03','2020-06-25 21:29:23'),(148,9,'https://dropbox.com/vk/reiciendis.gif',5405,'{\"owner\": \"Mason Jaskolski\"}',1,'2007-06-04 11:06:45','2020-06-25 21:29:23'),(149,97,'https://dropbox.com/vk/beatae.mpeg',3241206,'{\"owner\": \"Bridget Hilpert\"}',1,'1982-10-19 01:00:38','2020-06-25 21:29:23'),(150,60,'https://dropbox.com/vk/sed.gif',334071492,'{\"owner\": \"Waino Swaniawski\"}',1,'2009-07-20 20:15:46','2020-06-25 21:29:23'),(151,7,'https://dropbox.com/vk/alias.png',65288,'{\"owner\": \"Micah Beier\"}',2,'2019-09-30 23:03:39','2020-06-25 21:29:23'),(152,55,'https://dropbox.com/vk/voluptas.jpeg',5396,'{\"owner\": \"Keanu Torphy\"}',3,'1975-02-07 04:07:47','2020-06-25 21:29:23'),(153,53,'https://dropbox.com/vk/voluptatem.mpeg',890688,'{\"owner\": \"Marisa Bruen\"}',3,'1990-06-02 09:27:00','2020-06-25 21:29:23'),(154,99,'https://dropbox.com/vk/maxime.mpeg',4359,'{\"owner\": \"Maverick Ziemann\"}',1,'1997-06-30 04:30:19','2020-06-25 21:29:23'),(155,34,'https://dropbox.com/vk/enim.gif',266697,'{\"owner\": \"Michelle Mayer\"}',1,'2007-03-23 06:40:21','2020-06-25 21:29:23'),(156,76,'https://dropbox.com/vk/quia.gif',893603,'{\"owner\": \"Norris Osinski\"}',2,'1976-11-16 05:04:44','2020-06-25 21:29:23'),(157,76,'https://dropbox.com/vk/voluptatem.jpeg',19595,'{\"owner\": \"Norris Osinski\"}',3,'2000-01-28 21:31:27','2020-06-25 21:29:23'),(158,51,'https://dropbox.com/vk/sit.png',855300,'{\"owner\": \"Ignatius Barrows\"}',1,'1994-05-18 10:45:10','2020-06-25 21:29:23'),(159,26,'https://dropbox.com/vk/reprehenderit.gif',3394919,'{\"owner\": \"Gerda Yundt\"}',3,'2000-09-23 17:13:35','2020-06-25 21:29:23'),(160,76,'https://dropbox.com/vk/distinctio.avi',466410,'{\"owner\": \"Norris Osinski\"}',2,'2001-01-28 22:53:15','2020-06-25 21:29:23'),(161,2,'https://dropbox.com/vk/in.gif',731736791,'{\"owner\": \"Rory Wolff\"}',3,'2000-01-30 16:38:05','2020-06-25 21:29:23'),(162,80,'https://dropbox.com/vk/ipsam.avi',1452,'{\"owner\": \"Gayle Murray\"}',1,'1994-05-18 15:29:06','2020-06-25 21:29:23'),(163,93,'https://dropbox.com/vk/est.avi',6192922,'{\"owner\": \"Allene Satterfield\"}',2,'2009-07-26 13:48:14','2020-06-25 21:29:23'),(164,26,'https://dropbox.com/vk/explicabo.avi',287952705,'{\"owner\": \"Gerda Yundt\"}',2,'2015-10-19 19:04:45','2020-06-25 21:29:23'),(165,51,'https://dropbox.com/vk/sapiente.png',756152,'{\"owner\": \"Ignatius Barrows\"}',3,'2008-06-12 08:13:19','2020-06-25 21:29:23'),(166,76,'https://dropbox.com/vk/occaecati.avi',1136545,'{\"owner\": \"Norris Osinski\"}',2,'2005-10-16 13:46:27','2020-06-25 21:29:23'),(167,25,'https://dropbox.com/vk/voluptas.gif',371532,'{\"owner\": \"Sandrine Jakubowski\"}',2,'2014-10-12 12:11:26','2020-06-25 21:29:23'),(168,100,'https://dropbox.com/vk/distinctio.avi',3178515,'{\"owner\": \"Suzanne Stroman\"}',3,'1983-08-24 19:07:28','2020-06-25 21:29:23'),(169,21,'https://dropbox.com/vk/vero.mpeg',49216089,'{\"owner\": \"Alba Hagenes\"}',3,'1992-05-30 20:13:01','2020-06-25 21:29:23'),(170,4,'https://dropbox.com/vk/voluptatem.jpeg',73941,'{\"owner\": \"Deja Schowalter\"}',3,'1995-09-13 21:36:48','2020-06-25 21:29:23'),(171,60,'https://dropbox.com/vk/consequuntur.gif',57889,'{\"owner\": \"Waino Swaniawski\"}',1,'1971-03-31 09:31:05','2020-06-25 21:29:23'),(172,85,'https://dropbox.com/vk/perferendis.jpeg',26990,'{\"owner\": \"Aiden Adams\"}',2,'1981-12-24 03:40:03','2020-06-25 21:29:23'),(173,45,'https://dropbox.com/vk/qui.mpeg',579202,'{\"owner\": \"Domenic Kris\"}',1,'2001-10-04 03:52:47','2020-06-25 21:29:23'),(174,71,'https://dropbox.com/vk/molestiae.gif',771415,'{\"owner\": \"Sonia Bayer\"}',2,'1994-12-22 23:47:17','2020-06-25 21:29:23'),(175,18,'https://dropbox.com/vk/assumenda.gif',34737,'{\"owner\": \"Helena Rau\"}',3,'1991-01-26 08:31:27','2020-06-25 21:29:23'),(176,79,'https://dropbox.com/vk/at.mpeg',2304,'{\"owner\": \"Maida Volkman\"}',1,'2010-02-16 08:04:31','2020-06-25 21:29:23'),(177,38,'https://dropbox.com/vk/corporis.avi',109470,'{\"owner\": \"Stephany Kuvalis\"}',2,'2017-01-31 16:16:11','2020-06-25 21:29:23'),(178,52,'https://dropbox.com/vk/dolores.jpeg',223107,'{\"owner\": \"Americo Barton\"}',3,'1977-10-18 17:46:45','2020-06-25 21:29:23'),(179,47,'https://dropbox.com/vk/rem.jpeg',777125,'{\"owner\": \"Kellen Douglas\"}',3,'1971-12-09 00:33:21','2020-06-25 21:29:23'),(180,80,'https://dropbox.com/vk/suscipit.avi',206304,'{\"owner\": \"Gayle Murray\"}',2,'2019-06-13 21:11:29','2020-06-25 21:29:23'),(181,58,'https://dropbox.com/vk/fugiat.png',690144,'{\"owner\": \"Katarina O\'Keefe\"}',3,'2003-09-03 05:26:01','2020-06-25 21:29:23'),(182,48,'https://dropbox.com/vk/ad.mpeg',6816,'{\"owner\": \"Asa Wilkinson\"}',3,'2006-11-06 11:49:58','2020-06-25 21:29:23'),(183,65,'https://dropbox.com/vk/itaque.mpeg',821809,'{\"owner\": \"Nellie Sawayn\"}',1,'1983-01-15 03:55:59','2020-06-25 21:29:23'),(184,81,'https://dropbox.com/vk/dolorem.avi',30839597,'{\"owner\": \"Caterina Sauer\"}',3,'2002-01-22 10:05:10','2020-06-25 21:29:23'),(185,10,'https://dropbox.com/vk/excepturi.jpeg',28616,'{\"owner\": \"Marcus Spencer\"}',2,'1982-09-12 03:06:39','2020-06-25 21:29:23'),(186,7,'https://dropbox.com/vk/rem.png',3818687,'{\"owner\": \"Micah Beier\"}',1,'2002-03-02 21:32:33','2020-06-25 21:29:23'),(187,3,'https://dropbox.com/vk/rerum.mpeg',667652,'{\"owner\": \"Heloise Ondricka\"}',1,'2019-02-11 21:33:22','2020-06-25 21:29:23'),(188,96,'https://dropbox.com/vk/sit.jpeg',212027,'{\"owner\": \"Clyde Stamm\"}',1,'2008-12-25 23:33:43','2020-06-25 21:29:23'),(189,70,'https://dropbox.com/vk/expedita.mpeg',7958,'{\"owner\": \"Hoyt Hintz\"}',1,'1979-07-08 07:11:16','2020-06-25 21:29:23'),(190,62,'https://dropbox.com/vk/quia.gif',7416,'{\"owner\": \"Marlene Kohler\"}',1,'2013-07-11 18:46:21','2020-06-25 21:29:23'),(191,99,'https://dropbox.com/vk/dolor.png',2360636,'{\"owner\": \"Maverick Ziemann\"}',2,'1976-07-09 00:08:39','2020-06-25 21:29:23'),(192,7,'https://dropbox.com/vk/sit.gif',64473538,'{\"owner\": \"Micah Beier\"}',2,'2004-12-03 01:12:30','2020-06-25 21:29:23'),(193,37,'https://dropbox.com/vk/et.png',242415,'{\"owner\": \"Ashtyn Little\"}',2,'2018-12-04 02:19:12','2020-06-25 21:29:23'),(194,64,'https://dropbox.com/vk/consectetur.avi',199116,'{\"owner\": \"Berry Jacobi\"}',3,'1988-04-01 23:19:37','2020-06-25 21:29:23'),(195,10,'https://dropbox.com/vk/magni.gif',258337,'{\"owner\": \"Marcus Spencer\"}',1,'1982-06-29 15:18:56','2020-06-25 21:29:23'),(196,59,'https://dropbox.com/vk/nisi.gif',684339,'{\"owner\": \"Maggie Padberg\"}',3,'2001-09-29 16:35:19','2020-06-25 21:29:23'),(197,61,'https://dropbox.com/vk/delectus.jpeg',58081490,'{\"owner\": \"Mckenna Langworth\"}',1,'2017-07-16 13:50:37','2020-06-25 21:29:23'),(198,29,'https://dropbox.com/vk/eum.png',636682,'{\"owner\": \"Rylee Koch\"}',2,'2004-04-08 09:54:04','2020-06-25 21:29:23'),(199,61,'https://dropbox.com/vk/non.png',120395,'{\"owner\": \"Mckenna Langworth\"}',1,'1986-04-03 15:59:39','2020-06-25 21:29:23'),(200,20,'https://dropbox.com/vk/maxime.mpeg',681930,'{\"owner\": \"Brad Schowalter\"}',1,'1996-05-25 21:56:34','2020-06-25 21:29:23');
/*!40000 ALTER TABLE `media` ENABLE KEYS */;
UNLOCK TABLES;

--
-- Table structure for table `media_types`
--

DROP TABLE IF EXISTS `media_types`;
/*!40101 SET @saved_cs_client     = @@character_set_client */;
/*!40101 SET character_set_client = utf8 */;
CREATE TABLE `media_types` (
  `id` int unsigned NOT NULL AUTO_INCREMENT COMMENT 'Идентификатор строки',
  `name` varchar(255) CHARACTER SET utf8 COLLATE utf8_unicode_ci NOT NULL COMMENT 'Название типа',
  `created_at` datetime DEFAULT CURRENT_TIMESTAMP COMMENT 'Время создания строки',
  `updated_at` datetime DEFAULT CURRENT_TIMESTAMP ON UPDATE CURRENT_TIMESTAMP COMMENT 'Время обновления строки',
  PRIMARY KEY (`id`),
  UNIQUE KEY `name` (`name`)
) ENGINE=InnoDB AUTO_INCREMENT=4 DEFAULT CHARSET=utf8 COLLATE=utf8_unicode_ci COMMENT='Типы медиафайлов';
/*!40101 SET character_set_client = @saved_cs_client */;

--
-- Dumping data for table `media_types`
--

LOCK TABLES `media_types` WRITE;
/*!40000 ALTER TABLE `media_types` DISABLE KEYS */;
INSERT INTO `media_types` VALUES (1,'photo','2020-06-25 20:59:17','2020-06-25 20:59:17'),(2,'video','2020-06-25 20:59:17','2020-06-25 20:59:17'),(3,'audio','2020-06-25 20:59:17','2020-06-25 20:59:17');
/*!40000 ALTER TABLE `media_types` ENABLE KEYS */;
UNLOCK TABLES;

--
-- Table structure for table `messages`
--

DROP TABLE IF EXISTS `messages`;
/*!40101 SET @saved_cs_client     = @@character_set_client */;
/*!40101 SET character_set_client = utf8 */;
CREATE TABLE `messages` (
  `id` int unsigned NOT NULL AUTO_INCREMENT COMMENT 'Идентификатор строки',
  `from_user_id` int unsigned NOT NULL COMMENT 'Ссылка на отправителя сообщения',
  `to_user_id` int unsigned NOT NULL COMMENT 'Ссылка на получателя сообщения',
  `body` text CHARACTER SET utf8 COLLATE utf8_unicode_ci NOT NULL COMMENT 'Текст сообщения',
  `is_important` tinyint(1) DEFAULT NULL COMMENT 'Признак важности',
  `is_delivered` tinyint(1) DEFAULT NULL COMMENT 'Признак доставки',
  `created_at` datetime DEFAULT CURRENT_TIMESTAMP COMMENT 'Время создания строки',
  `updated_at` datetime DEFAULT CURRENT_TIMESTAMP ON UPDATE CURRENT_TIMESTAMP COMMENT 'Время обновления строки',
  `is_read` datetime DEFAULT NULL,
  PRIMARY KEY (`id`),
  KEY `messages_from_user_id_fk` (`from_user_id`),
  KEY `messages_to_user_id_fk` (`to_user_id`),
  CONSTRAINT `messages_from_user_id_fk` FOREIGN KEY (`from_user_id`) REFERENCES `users` (`id`),
  CONSTRAINT `messages_to_user_id_fk` FOREIGN KEY (`to_user_id`) REFERENCES `users` (`id`)
) ENGINE=InnoDB AUTO_INCREMENT=201 DEFAULT CHARSET=utf8 COLLATE=utf8_unicode_ci COMMENT='Сообщения';
/*!40101 SET character_set_client = @saved_cs_client */;

--
-- Dumping data for table `messages`
--

LOCK TABLES `messages` WRITE;
/*!40000 ALTER TABLE `messages` DISABLE KEYS */;
INSERT INTO `messages` VALUES (1,80,38,'Quia iste sint iure commodi eos eum. Voluptatem quasi nihil eveniet accusantium sed exercitationem quia. Iste deleniti dolor rerum ad cum aperiam expedita. Blanditiis officia nisi labore impedit consequatur odio ex. Voluptatem rerum nobis mollitia enim.',0,1,'2018-10-05 22:17:36','2020-06-25 20:42:22',NULL),(2,49,32,'Voluptatem hic dolorum ratione minus. Perspiciatis nisi natus hic impedit. Optio non facere nesciunt necessitatibus. Est ea ea ut.',0,1,'1993-10-05 03:53:45','2020-06-25 20:42:22',NULL),(3,10,54,'Quibusdam odio culpa neque libero quidem sed. Et distinctio aut possimus aut. Rerum adipisci libero consequuntur illo quod officia. Aut vel ea optio consequuntur.',1,0,'2004-05-16 04:18:11','2020-06-25 20:42:22',NULL),(4,41,42,'Nihil dignissimos autem libero fuga voluptatibus tempore. Non error voluptatem doloremque excepturi eos et eveniet explicabo. Odio ex est quia odit.',0,1,'1977-11-06 12:43:53','2020-06-25 20:42:22',NULL),(5,87,9,'Quo qui sint aut. Et repellendus suscipit voluptatem minima libero aut. Officiis labore impedit atque molestias accusantium adipisci. Rerum recusandae blanditiis sit.',1,0,'1976-11-13 08:22:59','2020-06-25 20:42:22',NULL),(6,83,89,'Commodi enim sunt ex magnam corporis voluptates. Velit velit deserunt repellendus perferendis incidunt eos nesciunt. Animi voluptas maxime aut tenetur. Error accusantium ea ullam dolores.',1,0,'2010-02-11 20:20:45','2020-06-25 20:42:22',NULL),(7,93,99,'Soluta architecto aliquid esse ut voluptatibus dolores. Aut blanditiis qui id ipsum laudantium dolores voluptatem. Nostrum vitae qui voluptatem quod nihil facilis autem.',1,1,'1971-09-10 10:30:57','2020-06-25 20:42:22',NULL),(8,15,77,'Aut quia odit odio adipisci aut. Necessitatibus libero eum nihil reprehenderit quis. Minima rem ipsam possimus eligendi explicabo rerum similique.',0,0,'1976-07-31 22:21:53','2020-06-25 20:42:22',NULL),(9,39,62,'Et libero in iusto cum. Nemo commodi cum distinctio sunt totam sit. Cum dolorem eum voluptas quam omnis provident. Iure officia explicabo temporibus dicta consequuntur porro aut.',1,0,'2005-10-25 02:13:15','2020-06-25 20:42:22',NULL),(10,96,91,'Ad quo praesentium perspiciatis. Rerum doloremque incidunt suscipit sit molestiae harum nobis. Voluptatum nihil qui eum. Beatae doloribus nam eligendi assumenda blanditiis et.',0,0,'1995-07-15 20:12:41','2020-06-25 20:42:22',NULL),(11,69,71,'Qui nisi et atque voluptates. Iusto et neque perferendis qui laudantium architecto. Sed cupiditate nisi recusandae eos alias est.',0,1,'1981-04-05 18:32:31','2020-06-25 20:42:22',NULL),(12,48,27,'Nobis consectetur qui sapiente. Ducimus at unde voluptatibus quia fugiat commodi. Adipisci quis aut vel praesentium ullam dolor debitis.',1,1,'2017-07-29 05:45:07','2020-06-25 20:42:22',NULL),(13,88,58,'Nihil aperiam veniam voluptate iste aut eum. Soluta fuga dolor vel placeat vel soluta dolor. Eum aliquam vel dolores et voluptate. Id totam aut sequi.',1,1,'2010-01-29 22:21:00','2020-06-25 20:42:22',NULL),(14,28,65,'Facilis sunt aliquam consequuntur perferendis sunt. Consequuntur veniam et tenetur vero magni quo voluptas.',0,0,'2008-09-20 19:04:01','2020-06-25 20:42:22',NULL),(15,42,14,'Commodi aliquam dolores et natus ex ut. Maiores officia incidunt est voluptas reprehenderit eligendi. Magnam consequatur tenetur quos dolorem fugit enim numquam. Et qui ut iusto rem velit aperiam beatae voluptatum.',0,1,'1977-05-01 03:24:49','2020-06-25 20:42:22',NULL),(16,44,76,'Possimus libero libero quidem cum aut et. Ut ut similique odio blanditiis. Sequi ut architecto deleniti. Quis molestiae maiores rerum amet dolor sapiente.',1,1,'2015-10-27 06:24:18','2020-06-25 20:42:22',NULL),(17,46,4,'Natus tenetur sit harum nulla facilis ducimus. Eius nulla rem maxime nobis quia. Vel dolorem doloribus odit qui. Ut voluptatem omnis at et.',0,0,'1997-05-14 02:44:09','2020-06-25 20:42:22',NULL),(18,81,91,'Quod nihil temporibus id eum ducimus. Animi facere ipsam earum sed. At tenetur laborum quis temporibus voluptatibus.',0,0,'1971-07-22 11:06:17','2020-06-25 20:42:22',NULL),(19,14,95,'Deserunt repellat nisi iste iste. Dolores in et sit expedita. Id iure vel assumenda aliquam voluptas saepe necessitatibus neque. Facere earum rerum eveniet nobis ut.',0,0,'1984-11-22 22:05:06','2020-06-25 20:42:22',NULL),(20,33,80,'Voluptatibus omnis et qui sapiente modi illo. Autem commodi culpa nihil quasi molestias officiis et. Rem ut id tempora tempora consequatur nihil. Et ipsa sit omnis officia iste.',1,0,'1992-10-18 22:54:50','2020-06-25 20:42:22',NULL),(21,99,55,'Eligendi cum quod doloremque quia aut pariatur vel. Sint quibusdam a asperiores aut aut vero. In quia eveniet rerum.',0,1,'1999-10-19 10:13:50','2020-06-25 20:42:22',NULL),(22,79,27,'Neque eveniet similique est. Aut maiores qui cumque minima. Voluptates est debitis natus et.',1,1,'2013-11-15 15:03:39','2020-06-25 20:42:22',NULL),(23,98,10,'Itaque itaque voluptas molestiae atque similique quia est. Id est possimus dolor aperiam quaerat vel. Debitis voluptatum ea est autem quidem vitae. Consequatur natus iusto ut dolorem et totam.',1,1,'2017-07-20 16:56:10','2020-06-25 20:42:22',NULL),(24,55,46,'Et et temporibus molestiae est delectus reprehenderit. Et provident nihil laboriosam deserunt et animi quidem.',1,1,'1980-05-31 19:26:31','2020-06-25 20:42:22',NULL),(25,63,78,'Voluptas est vitae quae quo autem in. Aut voluptatum qui aut necessitatibus. Eum temporibus voluptatem at placeat asperiores voluptas.',0,1,'2002-02-20 01:43:49','2020-06-25 20:42:22',NULL),(26,98,58,'Voluptatum rerum facilis ut et dolorum et fuga eaque. Et veritatis dolores quia velit ut. Sed consequuntur id et mollitia sequi. Quasi et nam architecto corporis id.',0,1,'1996-03-03 20:52:20','2020-06-25 20:42:22',NULL),(27,96,6,'Sint quis repellat pariatur quam ab. Et eveniet qui voluptas recusandae nostrum. Voluptatem et recusandae sint. Est in asperiores eos aliquid porro dolore.',1,1,'1972-07-12 07:48:28','2020-06-25 20:42:22',NULL),(28,42,91,'Aut consequatur debitis numquam dolorem debitis. Accusantium distinctio aliquid iure dolorum et culpa distinctio. Minus vel architecto aspernatur porro.',1,0,'2007-01-09 13:42:52','2020-06-25 20:42:22',NULL),(29,27,63,'Cumque dolor quibusdam deleniti eos sit dignissimos. Id earum ipsum ut nihil amet.',0,0,'1988-02-20 05:50:10','2020-06-25 20:42:22',NULL),(30,34,81,'Aut soluta possimus quasi quia beatae. Quasi aspernatur quam qui in officiis repellendus nobis. Est impedit laborum optio nihil et sunt quia. Voluptates iure consequatur rem rem qui.',0,0,'1986-12-09 08:25:53','2020-06-25 20:42:22',NULL),(31,2,68,'Numquam vel dolores aliquid sunt eius. Deleniti quis repudiandae optio omnis aut et. Et incidunt eum magni.',0,1,'2009-12-08 15:16:54','2020-06-25 20:42:22',NULL),(32,34,62,'Amet aliquid vitae accusantium. Sed possimus ratione aliquam mollitia nihil odit. Magnam dolorem fugit et cum est sunt deleniti. Assumenda recusandae libero numquam et animi maxime dolores.',0,1,'1980-12-07 19:39:23','2020-06-25 20:42:22',NULL),(33,11,68,'Sit asperiores quis porro reprehenderit quasi. Aut ab reiciendis aliquid voluptas sed nostrum architecto maxime. At nam unde quis nemo sapiente similique. Sint distinctio nesciunt eos provident quas.',1,0,'1975-01-28 12:03:41','2020-06-25 20:42:22',NULL),(34,6,24,'Consequatur dolore nostrum velit ut. Quidem omnis ipsam laboriosam aut ducimus.',1,1,'1994-12-22 16:51:54','2020-06-25 20:42:22',NULL),(35,4,47,'Est possimus quo voluptatem vel excepturi. Tenetur aut dolorum consequatur et voluptatibus ut vel labore. Eligendi eos veritatis dolorum est dignissimos molestias voluptates unde. Est ratione odit ratione ut ea.',1,0,'1980-08-18 03:50:18','2020-06-25 20:42:22',NULL),(36,23,72,'Fugiat sed praesentium aperiam neque iste corrupti. Voluptas enim asperiores fugiat excepturi. Eligendi labore aut pariatur cumque qui voluptatem. Vero cumque eveniet omnis et ut doloribus itaque perspiciatis.',1,0,'2019-11-20 19:34:07','2020-06-25 20:42:22',NULL),(37,90,35,'Voluptatem fugit perspiciatis maxime corrupti suscipit corporis. Corporis dolorem eveniet inventore eaque et beatae laudantium. Optio quas alias unde cumque vitae quis.',0,1,'1975-03-26 08:42:08','2020-06-25 20:42:22',NULL),(38,5,20,'Repellendus unde consectetur assumenda aliquid qui. Ipsa et voluptatibus et ducimus. Magnam laborum rerum quia molestiae facere nisi.',0,1,'2019-04-18 15:40:15','2020-06-25 20:42:22',NULL),(39,84,61,'At officia quas ea enim et. Non est officiis ipsum atque architecto aut. Non incidunt molestias illum aliquam in exercitationem architecto.',0,0,'2016-11-12 23:37:33','2020-06-25 20:42:22',NULL),(40,50,68,'Totam dolor modi est impedit. Autem debitis vel fugit modi. Voluptatem non quisquam ex et. Non mollitia ducimus rerum animi blanditiis molestiae ut.',1,1,'1975-03-11 18:59:50','2020-06-25 20:42:22',NULL),(41,89,39,'Sequi vero consequuntur ipsum molestias pariatur voluptas mollitia officiis. Consectetur quia quaerat aliquid cum aut. Quas omnis fugit aperiam fugit ut aut fuga.',1,0,'2005-01-22 09:24:18','2020-06-25 20:42:22',NULL),(42,27,19,'Et dicta voluptatem soluta repellat beatae adipisci. Et qui iure nisi maiores. Deserunt aspernatur repellat voluptatum aliquam.',0,0,'1987-01-31 17:23:49','2020-06-25 20:42:22',NULL),(43,14,10,'Quia sit eaque nam tenetur. Nisi dolores facilis cum consequatur quos. Distinctio molestiae aut autem aut dolorum consequatur amet.',0,1,'1997-11-14 00:05:25','2020-06-25 20:42:22',NULL),(44,9,13,'Eum aperiam maxime eius aperiam. Id nostrum possimus assumenda enim.',1,1,'1984-09-12 13:57:08','2020-06-25 20:42:22',NULL),(45,40,60,'Dolorum est facilis omnis et rem ab debitis ea. Nostrum sit qui asperiores ea. Vel at dolorem consequuntur vitae nihil id.',0,0,'2015-10-24 22:28:54','2020-06-25 20:42:22',NULL),(46,80,18,'Debitis quae voluptatum eum est minima quia. Nemo rerum veniam vel corrupti quasi aut quo. Officiis numquam est quos delectus. Unde rerum voluptatem consequatur nihil aliquam. Et ut aut culpa enim laboriosam officiis.',1,0,'2010-03-07 22:06:27','2020-06-25 20:42:22',NULL),(47,51,100,'Est ipsa aut tempora in ut aliquam eum. Occaecati ea quam temporibus ea voluptates in. Ut ea odit aut autem totam placeat. Consequuntur quam et debitis quasi sed. Impedit aliquam ut sunt temporibus.',1,0,'1982-12-04 10:31:44','2020-06-25 20:42:22',NULL),(48,47,36,'Id modi aspernatur nostrum voluptas. Odit corrupti magnam harum aut ut quia. Tempore quae magnam autem blanditiis eius.',0,1,'1989-08-31 22:50:58','2020-06-25 20:42:22',NULL),(49,35,69,'Id et expedita aut rerum velit culpa et. Vel tenetur quis ut autem eum natus. Excepturi similique repellat labore consectetur inventore. Temporibus corporis id voluptate explicabo eum. Omnis saepe amet sint eos unde.',1,1,'1994-10-23 12:30:18','2020-06-25 20:42:22',NULL),(50,38,82,'Voluptatem repellat et distinctio cupiditate. Harum blanditiis quo iste unde aut exercitationem ducimus quae. Amet deleniti aliquam est sunt et.',1,0,'2004-10-09 17:05:27','2020-06-25 20:42:22',NULL),(51,97,38,'Minima error veritatis expedita mollitia quis et ab rem. Dolorum nihil quis sed unde.',1,0,'1981-07-26 05:41:24','2020-06-25 20:42:22',NULL),(52,99,81,'Aut consequuntur commodi aut in corporis odit quod dolor. Nihil unde occaecati qui ut. Omnis dolorem maiores qui cum. Maiores dignissimos ipsum maiores ipsam. Vero et non at aperiam et tempora.',0,0,'1974-12-21 04:34:12','2020-06-25 20:42:22',NULL),(53,5,84,'Vel aliquam dolorum rem adipisci explicabo. Voluptatibus non ea culpa. Eos ut sed aut.',1,1,'2016-05-04 18:34:32','2020-06-25 20:42:22',NULL),(54,5,72,'Optio molestiae temporibus voluptate doloremque. Iste necessitatibus quibusdam beatae. Aliquam esse autem molestias eum reprehenderit animi incidunt. Ipsum illo laborum reprehenderit consectetur suscipit aut accusamus.',1,0,'2014-07-06 22:54:50','2020-06-25 20:42:22',NULL),(55,44,2,'Ipsam totam dolores velit. Illo alias placeat voluptatem aliquam aut. Praesentium ullam officia maxime beatae. Et est non quo quasi sint velit.',0,0,'1978-07-17 20:58:26','2020-06-25 20:42:22',NULL),(56,77,81,'Officiis nam earum voluptas ratione et. Commodi nihil omnis asperiores quas et alias. Officiis culpa molestiae ipsum ut. Suscipit esse alias non iure sunt voluptatem cum.',0,1,'1980-05-07 10:42:20','2020-06-25 20:42:22',NULL),(57,73,23,'Debitis aut ut non nihil libero doloribus. Omnis et quia et exercitationem ratione perferendis. Ducimus dolorum dolore perspiciatis facilis doloribus ut. Et omnis consequatur soluta animi totam.',1,1,'2003-11-21 00:42:24','2020-06-25 20:42:22',NULL),(58,94,2,'Aspernatur commodi consequatur veniam vel cumque et. Exercitationem fuga ut et et vel consequuntur fugiat. Ducimus cupiditate debitis reiciendis corrupti aut nesciunt id. Quas aut ea ut totam.',1,1,'2005-08-27 12:41:22','2020-06-25 20:42:22',NULL),(59,29,36,'Perferendis doloribus voluptate assumenda veritatis. Voluptatibus odio quod cupiditate dolore et nemo in. Veniam earum quas quibusdam.',1,0,'1996-01-13 08:54:50','2020-06-25 20:42:22',NULL),(60,91,49,'Quidem nulla at nihil ipsum et laudantium debitis consequuntur. Aliquam sit et ratione voluptate odio voluptatibus. Distinctio omnis animi quaerat sed. Quis animi recusandae natus quasi. Iste aperiam a velit maxime et.',1,1,'2012-09-28 06:06:32','2020-06-25 20:42:22',NULL),(61,69,1,'Repellendus deleniti tempore qui praesentium dolores sed. Deleniti debitis quia et veniam ut. Possimus debitis labore alias dolorum excepturi quod.',0,1,'1994-04-18 23:43:40','2020-06-25 20:42:22',NULL),(62,95,71,'Qui dicta consectetur quia et perferendis. Dignissimos maxime ipsum qui voluptates odit sapiente impedit ut.',1,1,'1974-06-27 06:50:14','2020-06-25 20:42:22',NULL),(63,68,30,'Magnam earum facere recusandae facere. Deleniti porro expedita debitis optio. Molestiae asperiores beatae est rerum. Molestiae vel qui esse ex.',1,1,'1998-03-10 22:49:33','2020-06-25 20:42:22',NULL),(64,42,22,'Qui voluptates sed molestiae omnis. Tenetur a ad eaque reprehenderit. Deleniti sit et sit culpa commodi.',0,0,'2006-09-18 17:53:04','2020-06-25 20:42:22',NULL),(65,82,44,'Ex expedita est ducimus. Facere voluptates maxime minima. Quaerat id ut rerum est. Iusto ut debitis laudantium numquam odio accusantium aliquid omnis.',1,1,'2010-10-07 10:19:22','2020-06-25 20:42:22',NULL),(66,72,31,'Quod quibusdam iusto adipisci impedit deleniti nihil natus. Amet atque animi doloribus omnis nulla tempore. Unde officiis impedit vero eaque omnis.',1,0,'1988-12-03 22:17:57','2020-06-25 20:42:22',NULL),(67,35,83,'Quia rerum quis accusantium velit illo. Eius eos dicta voluptatem ex illum. Animi quaerat laborum molestiae nihil in officiis.',0,0,'2011-06-05 20:14:53','2020-06-25 20:42:22',NULL),(68,11,3,'Rerum enim illo nostrum inventore sint vel dolore. Ut sunt dolores exercitationem perferendis tempore et sint. Nisi accusantium perferendis asperiores nulla qui.',0,1,'2020-02-28 18:04:12','2020-06-25 20:42:22',NULL),(69,83,6,'Dicta sit est velit et. Enim laborum ut rerum voluptas. Enim sit similique et quia nesciunt dolor laboriosam. Pariatur dolor possimus maxime.',0,1,'1974-09-14 15:49:32','2020-06-25 20:42:22',NULL),(70,79,76,'Ut magni praesentium quia consequuntur quasi sapiente. Aspernatur dolores qui fugiat sint dignissimos voluptatem ullam. Quis harum nulla iure sed. Qui explicabo alias nisi sed et repellendus.',1,0,'1975-01-10 04:23:18','2020-06-25 20:42:22',NULL),(71,42,82,'Maxime quidem distinctio commodi aut. Qui corrupti numquam placeat eaque ipsa minima. Ut et aperiam at est.',0,1,'1993-06-21 19:00:59','2020-06-25 20:42:22',NULL),(72,84,71,'Quidem beatae aut omnis est quisquam ea iste. Saepe est fuga consequatur veniam ut architecto. Labore corrupti velit architecto veritatis.',1,1,'1978-09-05 09:34:43','2020-06-25 20:42:22',NULL),(73,6,13,'Maxime doloremque repellat libero culpa. Ut animi tenetur necessitatibus nisi quia a reiciendis. Numquam incidunt et nisi quam optio quis architecto. Inventore dolor in eius facere.',0,0,'1986-02-28 01:41:44','2020-06-25 20:42:22',NULL),(74,49,5,'Ullam distinctio libero velit quia ut omnis quos. Vel inventore rerum est eos rerum dolores. Quo rerum nulla voluptas. Dolorem sunt aut aut mollitia dolores.',0,1,'2016-05-19 14:00:34','2020-06-25 20:42:22',NULL),(75,76,65,'Aut sint eveniet molestiae harum reiciendis accusantium et. Ut aspernatur veniam asperiores ducimus et repellendus. Velit architecto vel blanditiis accusantium. Nisi assumenda perferendis itaque debitis ut ipsum.',1,0,'1996-03-13 22:29:56','2020-06-25 20:42:22',NULL),(76,96,87,'Est quia sequi laboriosam laudantium nisi quo rerum. Ut aut temporibus sunt accusamus. Sapiente soluta unde dignissimos natus. Cupiditate est aspernatur qui.',1,1,'1976-11-19 14:19:19','2020-06-25 20:42:22',NULL),(77,46,66,'Reiciendis ratione voluptatum perspiciatis neque voluptatum neque sit ipsum. Aliquam voluptate veniam quia. Doloribus quam modi architecto explicabo.',0,1,'2001-05-29 17:46:28','2020-06-25 20:42:22',NULL),(78,94,72,'Rerum est molestiae dolorem eveniet consequatur et veniam. Porro deserunt distinctio qui quos rerum molestias. Ducimus ut a dolorum eveniet neque eos. Maxime qui aut veritatis. Quasi occaecati ducimus velit et.',0,1,'1980-01-07 16:14:02','2020-06-25 20:42:22',NULL),(79,76,62,'Voluptatem amet eum soluta praesentium delectus et consectetur. Minus tenetur voluptatem harum eum. Magni iste dolores non sit. Quas voluptatem voluptatibus aut tempore voluptatum id omnis.',0,0,'2008-07-13 00:43:09','2020-06-25 20:42:22',NULL),(80,83,27,'Sed voluptates mollitia ut dignissimos qui omnis iste. Commodi autem molestiae ut assumenda. Molestiae consequatur qui quia sed est nulla.',1,0,'2017-11-01 00:00:05','2020-06-25 20:42:22',NULL),(81,87,52,'Asperiores voluptatem temporibus aut accusantium nostrum architecto sequi. Quisquam iste accusantium rerum. Inventore sit harum qui illum dolorum illum tempora.',0,0,'1980-08-26 21:13:51','2020-06-25 20:42:22',NULL),(82,98,34,'Quidem enim ex beatae fugiat praesentium deleniti. Amet corrupti et aut nemo nemo. Aut qui dolores odio aut quia aut.',0,0,'1985-04-10 21:11:46','2020-06-25 20:42:22',NULL),(83,75,74,'Iure consequatur iure rerum nobis aut rem iusto et. Quibusdam est optio doloribus. Rerum corporis autem ea quis.',0,0,'2007-03-22 22:18:07','2020-06-25 20:42:22',NULL),(84,43,92,'In quo quia ut qui qui aliquid praesentium temporibus. Sapiente veniam est sunt tenetur corporis perferendis. Animi quia sequi iste necessitatibus sit ea accusantium.',0,0,'2002-07-14 00:34:37','2020-06-25 20:42:22',NULL),(85,32,82,'Distinctio autem sit et nobis voluptas totam. Rem eos consequatur rem. Placeat architecto vel facilis quis. Eius illum perspiciatis asperiores eum et magni saepe.',0,1,'1987-12-05 05:31:46','2020-06-25 20:42:22',NULL),(86,15,30,'Debitis recusandae deleniti et architecto possimus non et. Dolorem perspiciatis accusamus perspiciatis debitis velit incidunt dignissimos expedita. Earum rem nulla non omnis molestiae. Quaerat cum adipisci accusamus animi.',0,1,'1983-06-29 19:27:56','2020-06-25 20:42:22',NULL),(87,1,17,'Aperiam quidem quae aut illo explicabo nihil quia deserunt. Quam eum atque velit veniam iste adipisci. Aut atque voluptate perspiciatis sed voluptate temporibus.',0,0,'1973-01-10 20:55:02','2020-06-25 20:42:22',NULL),(88,80,50,'Fuga doloribus consequatur esse id atque delectus. Voluptatem iusto perferendis qui omnis minima. Aut sed odit molestiae consequatur rem facilis eos. Dicta quia asperiores autem ducimus.',1,1,'1975-09-25 19:09:02','2020-06-25 20:42:22',NULL),(89,10,97,'Molestiae aut vero omnis minus. Quidem ut sunt beatae soluta. Beatae maiores excepturi quaerat facilis neque corporis officiis necessitatibus. Quia ut ducimus quam et minima.',0,1,'2017-08-19 21:55:15','2020-06-25 20:42:22',NULL),(90,55,82,'Rerum adipisci iusto aliquam eaque sunt. Vero nam nostrum non consequatur tempora. Nihil veritatis eveniet dolor minima ipsam porro id. Velit quaerat sequi doloremque delectus cum esse qui eligendi.',1,0,'2020-05-09 21:22:29','2020-06-25 20:42:22',NULL),(91,47,87,'Expedita sit modi necessitatibus qui voluptatem doloremque. Vel vero earum non qui. Tenetur voluptas harum aut eos saepe rerum.',0,0,'1981-02-18 09:12:57','2020-06-25 20:42:22',NULL),(92,96,15,'Voluptatem velit iste perspiciatis inventore rerum. Cupiditate eaque quae voluptatum fugit asperiores. Architecto debitis sit quis magnam rem doloremque quia.',0,1,'1994-07-23 01:07:52','2020-06-25 20:42:22',NULL),(93,90,3,'Quo soluta quo est repudiandae modi. Explicabo molestias et reprehenderit tempora dolorem. Fuga voluptatum natus qui ex ducimus inventore error.',1,1,'1990-11-16 22:33:35','2020-06-25 20:42:22',NULL),(94,44,11,'Natus tempore tempore omnis quia similique est iure. Omnis a ut mollitia quia dolores placeat cupiditate. Enim quam esse eius consectetur dolore. Accusantium nihil quisquam sit necessitatibus.',0,0,'1980-02-23 14:21:19','2020-06-25 20:42:22',NULL),(95,24,86,'Reprehenderit expedita voluptatem assumenda adipisci molestias. Quia in qui porro harum excepturi ut soluta. Exercitationem nemo minus ducimus est qui quasi. Numquam enim fugit aut dicta.',0,1,'1997-11-23 02:08:18','2020-06-25 20:42:22',NULL),(96,56,20,'Et temporibus dolores non et et ut. Odit quae fugiat ex fugiat est voluptas impedit. Aperiam et repellendus eos consequatur facere. Minima dolores sint vel vitae dolores ab odio.',0,0,'1989-05-24 01:45:40','2020-06-25 20:42:22',NULL),(97,35,13,'Eius harum debitis ducimus ratione porro laudantium nostrum ipsum. Et qui officia aut modi asperiores eum et. Voluptatem itaque at quia quia voluptates eaque modi.',1,0,'1986-03-27 06:22:19','2020-06-25 20:42:22',NULL),(98,60,61,'Soluta ut distinctio quod consectetur ex. Aut nostrum aut recusandae numquam non tempore explicabo. Asperiores est explicabo id aliquid vitae cum. Autem alias officia maiores sint maiores non suscipit.',1,1,'1999-02-03 17:41:49','2020-06-25 20:42:22',NULL),(99,25,40,'Minima vel incidunt autem ipsa. Inventore dignissimos minus quibusdam aut rerum velit voluptatem. A placeat in impedit quo nulla. Velit sequi esse amet debitis totam.',0,1,'1998-01-17 20:42:02','2020-06-25 20:42:22',NULL),(100,25,3,'Rerum eaque aut velit quia. Sapiente et impedit itaque sit et dolorem. Sit debitis officia at molestias deserunt omnis sunt. Et odio aliquid tempora exercitationem sint culpa. Occaecati in animi inventore.',0,1,'2013-10-19 08:49:36','2020-06-25 20:42:22',NULL),(101,42,1,'Ad et non doloremque sed rem tenetur. Dicta et minima aliquid voluptatem iste asperiores voluptas dolores. Enim ut officia asperiores consequatur mollitia beatae eos. Rerum magnam expedita quo.',0,1,'1981-08-26 12:27:48','2020-06-25 20:42:22',NULL),(102,79,89,'Voluptates distinctio illo aliquid consequuntur repellat quaerat nemo. Velit nihil velit autem expedita. Ipsum ut accusantium ipsam amet ipsum.',0,1,'1976-01-01 03:13:45','2020-06-25 20:42:22',NULL),(103,7,69,'Iure ipsa ea reiciendis ea quam temporibus. Omnis quia ipsa cupiditate fugiat. Voluptatum occaecati et harum ullam. Dolores placeat nemo eum.',1,1,'1994-09-13 13:39:29','2020-06-25 20:42:22',NULL),(104,25,15,'Ipsum repudiandae ratione eveniet possimus voluptatem. Et sit repudiandae omnis consequatur nihil quod. Voluptates aperiam aperiam id et dolore.',1,1,'1973-06-07 08:44:51','2020-06-25 20:42:22',NULL),(105,2,62,'Et eum nemo assumenda quo dolores enim. Ut quisquam placeat est eligendi esse. Labore temporibus nobis repellat. Sapiente omnis saepe aliquam sint aperiam explicabo dolorem voluptates. Ducimus in natus quisquam illo.',1,0,'1977-03-17 00:42:08','2020-06-25 20:42:22',NULL),(106,3,31,'Nihil pariatur inventore quisquam consequatur quaerat aut aut. Perferendis quas voluptatem fugit facere.',1,1,'1970-02-08 02:48:55','2020-06-25 20:42:22',NULL),(107,45,33,'Qui sit vitae sed eligendi dolor corrupti quos. Ut sunt excepturi et porro unde illum omnis. Eum necessitatibus minus tempore eaque sed blanditiis consequuntur.',1,1,'1997-06-20 00:00:30','2020-06-25 20:42:22',NULL),(108,27,35,'Maxime quidem tenetur dolores. Provident quos nihil et quo porro. Ut cum excepturi distinctio debitis quia omnis molestias.',1,1,'1971-10-06 23:34:08','2020-06-25 20:42:22',NULL),(109,92,57,'Eius ut ea nobis rerum distinctio. Iste aut earum voluptatem et. Dolor id nam magni et.',1,1,'1997-02-09 14:40:15','2020-06-25 20:42:22',NULL),(110,10,76,'Non necessitatibus blanditiis cum. Ab dolorum qui optio dolore voluptatum quia vero. Molestiae autem molestiae quo commodi molestias corrupti provident.',1,1,'2019-07-21 04:00:41','2020-06-25 20:42:22',NULL),(111,49,18,'Ut at ut porro facere. Quia temporibus ut amet mollitia. Eos quas architecto consequatur recusandae.',0,1,'1979-09-03 03:55:20','2020-06-25 20:42:22',NULL),(112,43,62,'Omnis error necessitatibus sit iusto rerum. Numquam et nisi voluptatem quia doloribus sint. Architecto optio recusandae pariatur aspernatur atque.',1,0,'1990-08-31 06:43:17','2020-06-25 20:42:22',NULL),(113,77,100,'Perspiciatis dolor dolorum eligendi sed ut. Ut accusamus debitis pariatur delectus quis assumenda praesentium. Et deleniti autem pariatur nostrum.',0,0,'1982-05-29 19:08:18','2020-06-25 20:42:22',NULL),(114,69,45,'Non rerum ullam natus amet vitae ea aut. Tenetur tempore quis impedit et ipsam dolorum. Ullam voluptatem laborum ex officiis laboriosam veritatis quae. Officiis blanditiis odit occaecati assumenda.',0,1,'1972-05-05 21:12:31','2020-06-25 20:42:22',NULL),(115,18,53,'Possimus voluptas et et reprehenderit vel eum consequuntur. Totam molestias dignissimos id illum ullam. Qui numquam placeat doloribus unde sed ab expedita. Est velit aliquid maxime repellat.',0,0,'1970-12-25 06:21:54','2020-06-25 20:42:22',NULL),(116,9,87,'Et dolor sed aliquid laborum sequi. Omnis in ut eos.',1,0,'1973-03-05 10:44:06','2020-06-25 20:42:22',NULL),(117,7,74,'Nisi perspiciatis assumenda praesentium et libero. Qui eum natus quasi eveniet est. Maiores eligendi eius consequatur quod voluptas at nemo.',1,0,'2018-02-28 11:11:30','2020-06-25 20:42:22',NULL),(118,49,21,'Sunt dolore quia magni voluptas. Excepturi earum incidunt commodi ut nihil amet. Veniam et ut aut vero sequi sit praesentium.',1,1,'2017-06-21 17:32:04','2020-06-25 20:42:22',NULL),(119,56,19,'Sed error quia quia numquam quos ea in. Mollitia magnam est explicabo et similique odit.',1,0,'1997-02-27 18:57:18','2020-06-25 20:42:22',NULL),(120,25,68,'Laudantium sit tenetur nam dolorum architecto consectetur voluptatem sed. Amet ullam quia autem sunt. Debitis voluptatem voluptatem iste eum. Quisquam libero tenetur nemo est libero.',1,0,'1975-08-06 16:43:58','2020-06-25 20:42:22',NULL),(121,65,20,'Repellat rerum voluptate ad optio perferendis quis. Suscipit blanditiis exercitationem temporibus rerum reprehenderit sit reprehenderit. Voluptatem repudiandae et minus veniam est. Velit dolorum consequatur porro et temporibus id possimus.',0,1,'2000-04-01 03:07:10','2020-06-25 20:42:22',NULL),(122,5,64,'Expedita nam quasi quis quod enim laudantium. Rerum et beatae voluptatem nesciunt et magni. Totam iure eius alias rerum consequatur. Et aut dicta dignissimos aliquid.',0,1,'2002-01-16 13:34:57','2020-06-25 20:42:22',NULL),(123,4,29,'In possimus veritatis fuga dolore voluptatem et nobis. A asperiores repudiandae enim in doloribus repellendus eos. Et optio eum neque sit hic.',1,0,'2009-04-12 00:52:23','2020-06-25 20:42:22',NULL),(124,33,79,'Temporibus occaecati id tenetur ipsam veritatis voluptatem enim. Culpa minus dignissimos quo voluptatem libero quia. Quae iusto qui voluptate nihil est quo. Dolorum nesciunt est occaecati dolorum.',0,0,'2017-01-04 17:47:37','2020-06-25 20:42:22',NULL),(125,92,23,'Unde modi sit soluta voluptatum illum. Voluptatem rerum non autem ducimus laboriosam. Ea voluptatum repellat consequatur aut veniam. Dolor ex voluptates commodi sint.',1,1,'1980-08-23 01:11:57','2020-06-25 20:42:22',NULL),(126,38,21,'Non ut ut debitis molestias quasi sed. Ut cupiditate quidem et voluptate aliquid ut sit nihil. Voluptas accusamus nesciunt hic laboriosam voluptas explicabo aut. Distinctio voluptas vel odio odio quia qui. Non sed id cumque.',0,0,'1992-08-17 09:44:29','2020-06-25 20:42:22',NULL),(127,92,94,'Voluptatibus sed repellendus provident quaerat sed tenetur autem. Aut et exercitationem qui in assumenda et ipsum minus. Ut modi eveniet atque. Repellat earum accusamus in vel assumenda.',0,1,'2017-03-12 08:34:24','2020-06-25 20:42:22',NULL),(128,94,89,'Dignissimos doloremque nesciunt enim autem nam. Rem aut quo sunt et nihil quibusdam. Iste nobis iure quia earum assumenda.',0,1,'2011-04-10 08:33:48','2020-06-25 20:42:22',NULL),(129,63,48,'Amet voluptatem sapiente veritatis qui eum placeat. Rerum dolorum officia accusantium ullam animi modi aut. Expedita aut occaecati in qui et eos pariatur. Rem alias minima aliquam et quis non.',0,1,'2011-04-16 03:51:14','2020-06-25 20:42:22',NULL),(130,50,7,'Necessitatibus architecto quia molestiae pariatur ut ut. Blanditiis incidunt expedita tenetur deleniti officiis. Tempora nihil earum facilis adipisci consequatur nesciunt.',0,0,'2006-09-06 16:11:19','2020-06-25 20:42:22',NULL),(131,81,85,'Autem maiores et aut ut. Aut ut quidem iusto exercitationem voluptatem magni. Recusandae maxime ad eveniet aliquam molestiae. Asperiores similique autem asperiores inventore consequatur.',0,0,'1984-08-09 19:38:28','2020-06-25 20:42:22',NULL),(132,83,61,'Laborum quis quo aut impedit quas. Rerum ut alias voluptatum mollitia pariatur omnis debitis. Voluptas tempora ad ad sit. Nisi occaecati dolor quia veniam numquam sed aliquam aliquam. Animi velit tempore earum alias.',1,1,'2015-02-10 10:51:55','2020-06-25 20:42:22',NULL),(133,52,77,'Temporibus nisi sapiente cupiditate laboriosam enim. Voluptatibus facere quis recusandae iste aut optio ex consequatur. Magnam sint excepturi debitis neque ratione officiis natus.',0,1,'1996-06-23 03:12:53','2020-06-25 20:42:22',NULL),(134,28,11,'Omnis est ipsum error labore cumque voluptas nulla velit. Sint eos non necessitatibus velit error. Quaerat doloribus aperiam voluptas non cum aut inventore. Rerum aut et quas quasi veniam ipsam.',0,0,'2003-04-08 17:32:23','2020-06-25 20:42:22',NULL),(135,70,15,'Magni commodi placeat architecto. Voluptatibus aliquam et et a dolores sit eveniet earum.',0,1,'1977-07-04 02:31:09','2020-06-25 20:42:22',NULL),(136,66,84,'Beatae rerum mollitia asperiores nihil distinctio aperiam perferendis et. Natus sapiente dolorem debitis voluptatem voluptatum. Quo officiis molestias nemo sit doloribus soluta.',1,1,'1991-01-23 22:48:02','2020-06-25 20:42:22',NULL),(137,19,46,'Quisquam expedita voluptatibus repudiandae unde vitae placeat. Tempora voluptates ut repellendus. Ut corrupti dolore officia eligendi laborum consequatur vitae. Autem corrupti aspernatur consequatur omnis.',0,1,'2017-10-18 02:57:24','2020-06-25 20:42:22',NULL),(138,72,22,'Est voluptate consequuntur amet quaerat ut qui. Consequuntur maxime aut cum quam. Quia provident quod velit fuga doloribus molestias dicta commodi. Et est libero voluptatum fuga vel voluptas.',1,1,'1972-02-08 00:13:21','2020-06-25 20:42:22',NULL),(139,95,5,'Recusandae qui quia totam excepturi praesentium perferendis. Vel quibusdam est ullam cupiditate labore. Velit ut esse quae molestiae rerum accusamus autem. Ipsum et neque ullam nobis.',0,1,'1971-11-27 21:22:48','2020-06-25 20:42:22',NULL),(140,41,88,'Non sint ut qui est quae repellat modi incidunt. Error sequi sit rerum facere ut provident.',0,1,'2000-12-11 12:27:34','2020-06-25 20:42:22',NULL),(141,19,29,'Et et autem minima fugiat quod sed enim. Vitae itaque et ut saepe. Odit earum perferendis qui blanditiis rerum omnis. Dolor ipsam voluptatibus incidunt earum.',1,0,'2012-03-22 06:34:53','2020-06-25 20:42:22',NULL),(142,87,47,'Quas dolor quia et vitae ut esse aut. Repudiandae non non et deleniti qui a quia.',0,0,'1973-11-01 16:01:02','2020-06-25 20:42:22',NULL),(143,72,22,'Ab reprehenderit veritatis dolore repudiandae itaque ut. Praesentium omnis in aspernatur corrupti. Architecto fugiat dignissimos rerum sequi id. Facilis autem incidunt aut aut.',1,0,'1998-03-17 22:14:46','2020-06-25 20:42:22',NULL),(144,90,87,'Assumenda et delectus nulla fuga. Et rerum et voluptate quaerat tempore. Ut iusto qui sit architecto voluptatem nihil est. Rerum alias sint ut qui dolorem non et.',1,0,'1995-04-29 19:42:39','2020-06-25 20:42:22',NULL),(145,61,47,'Aspernatur dolore corporis vitae. Deserunt laboriosam eos placeat. Unde aut sit sit fugit alias qui. Dolor sed ratione nesciunt hic provident qui minima.',0,1,'1981-01-22 06:24:49','2020-06-25 20:42:22',NULL),(146,49,6,'Sed natus sed dolorum aliquam aspernatur voluptatum. Qui quis sit dolores necessitatibus tempora. Vero voluptates accusantium et illo nisi voluptate dignissimos illo. Corrupti voluptas ex labore placeat sit accusantium enim tempora.',0,1,'2004-03-11 05:38:26','2020-06-25 20:42:22',NULL),(147,80,83,'Vel et voluptates dolores asperiores in. Veritatis aspernatur molestias qui repellat quo. Sunt tempore nesciunt suscipit hic. Unde consequatur in et deserunt qui.',1,0,'2006-08-15 19:19:12','2020-06-25 20:42:22',NULL),(148,75,26,'Beatae ullam odio voluptate commodi sed est. Mollitia sed non illo sint perferendis voluptas. Officia molestias labore omnis alias quas.',0,1,'2010-06-30 05:12:25','2020-06-25 20:42:22',NULL),(149,4,41,'Doloribus et quae sit fuga. Qui voluptatem asperiores optio enim dolores. Aut perferendis explicabo autem voluptate at error repudiandae eligendi.',0,1,'2014-07-25 13:53:35','2020-06-25 20:42:22',NULL),(150,93,39,'Earum a qui odio sint sunt modi. Officiis enim sed non in et enim fuga necessitatibus. Voluptas repellat alias quo alias sit molestias sapiente. Labore id iusto magnam minima et.',0,0,'2019-10-30 04:37:23','2020-06-25 20:42:22',NULL),(151,18,72,'Aliquid voluptatem ab eum repellat veniam nostrum et. Libero enim deserunt laboriosam enim saepe necessitatibus non. Ut necessitatibus minus cupiditate error exercitationem.',0,0,'2001-12-02 12:40:19','2020-06-25 20:42:22',NULL),(152,7,18,'Fuga tempora possimus tempora. Qui exercitationem sunt nam rerum vero ratione quo voluptas.',1,0,'2000-11-15 05:42:23','2020-06-25 20:42:22',NULL),(153,68,84,'Quis velit sit in quos iste debitis et. Labore corrupti sed asperiores ea numquam qui error. Voluptatem deleniti omnis sapiente possimus sunt illum.',0,0,'2014-09-06 12:56:04','2020-06-25 20:42:22',NULL),(154,16,29,'Blanditiis consequatur aperiam est. Non ipsum totam dolores quae et a. Suscipit excepturi illo quaerat libero et exercitationem. Consequatur rerum eos iusto ea qui amet vero.',0,1,'1993-07-23 13:41:40','2020-06-25 20:42:22',NULL),(155,97,98,'Quis alias culpa nihil vel. Blanditiis quae consequuntur esse expedita voluptatem. Itaque veritatis explicabo maiores.',0,0,'1977-01-31 01:10:42','2020-06-25 20:42:22',NULL),(156,99,1,'At officia possimus non eum libero architecto adipisci. Qui voluptate id ea quasi et omnis. Architecto similique facere sunt ut. Soluta aperiam optio qui cumque.',0,0,'2000-12-03 18:42:13','2020-06-25 20:42:22',NULL),(157,5,24,'Dolores laborum nihil soluta aut ipsam tempore. Molestias necessitatibus beatae sed enim. Eius quia deleniti dolore voluptatem. Aliquid quia praesentium nemo quibusdam iusto. Culpa nemo quia autem aliquid itaque illum.',0,0,'1984-08-14 00:27:19','2020-06-25 20:42:22',NULL),(158,4,47,'Amet voluptatem eum excepturi veniam eos incidunt. Maiores ex occaecati sapiente quidem modi neque maxime. Sapiente quo temporibus dolores provident.',1,0,'2012-01-08 04:16:12','2020-06-25 20:42:22',NULL),(159,22,70,'Magnam architecto provident consectetur qui quo ea. Omnis numquam mollitia ut est quo qui et cupiditate. Occaecati adipisci vitae dolorem doloremque maiores maxime. Nemo voluptatem qui non.',1,1,'1973-11-08 23:18:14','2020-06-25 20:42:22',NULL),(160,84,8,'Consequatur facilis ea beatae. Aut eligendi dolor dolores sint saepe et qui harum. Dolores minima pariatur ex adipisci qui consequatur.',1,1,'1985-06-11 08:31:49','2020-06-25 20:42:22',NULL),(161,88,15,'Molestiae eum velit similique deleniti quidem reiciendis aspernatur. Quasi totam quibusdam qui. Quae aut suscipit id mollitia nisi eos.',1,0,'1986-03-10 17:01:15','2020-06-25 20:42:22',NULL),(162,10,5,'Laborum porro ut esse a autem. Ipsa et perferendis dolorum voluptas incidunt recusandae iure. Et odio sint nam iste sit voluptatum. Beatae aliquam architecto et voluptates voluptatem repellendus.',0,0,'2015-09-25 21:10:43','2020-06-25 20:42:22',NULL),(163,93,51,'Deserunt a omnis in magnam. Autem facere natus perferendis. Et unde similique fugiat sit eum.',0,1,'1971-03-17 02:33:51','2020-06-25 20:42:22',NULL),(164,73,14,'Atque vel quia ea quaerat rem modi numquam mollitia. Voluptates repellat deleniti nam et est aperiam nihil. Repellendus odit inventore nemo vero unde tempora.',0,1,'1989-04-19 06:48:40','2020-06-25 20:42:22',NULL),(165,49,2,'Ipsam voluptates eligendi et veritatis. Velit omnis ut nemo adipisci qui impedit dolorum sequi.',0,0,'1972-03-17 10:51:24','2020-06-25 20:42:22',NULL),(166,63,8,'Necessitatibus provident corporis sit commodi cumque et deleniti maiores. Voluptates occaecati magni quo est delectus et. Tempore inventore dolore non earum dolore. Doloremque quos at quisquam est ea facere eligendi.',0,1,'1978-04-15 04:20:32','2020-06-25 20:42:22',NULL),(167,51,31,'Dolor aliquam quaerat aspernatur sit nihil aut autem. Unde at pariatur eveniet provident voluptates error quo. Recusandae qui consequuntur nobis rerum eos.',1,1,'1972-11-08 15:49:15','2020-06-25 20:42:22',NULL),(168,99,3,'Nulla eligendi sed magni commodi. Harum voluptatem aut aut aut quidem. Consequatur aut nam vero quos qui. Dolor voluptatem et qui laboriosam.',1,1,'1972-04-09 14:47:49','2020-06-25 20:42:22',NULL),(169,18,79,'Voluptates et ipsa adipisci quam dolorem tempore. Magnam ut et impedit odit aperiam et. Expedita tempore repudiandae quia sit voluptatibus provident dolores.',0,1,'2011-11-11 22:53:34','2020-06-25 20:42:22',NULL),(170,40,61,'Est et sit nisi ducimus. Rerum soluta ipsa possimus voluptas sed. Dolores reiciendis aliquid ea exercitationem fugiat natus. Neque dicta sapiente est est aut fugiat et rerum.',0,1,'1986-12-03 18:24:57','2020-06-25 20:42:22',NULL),(171,88,54,'Ut quisquam aut et eum quis beatae. Distinctio temporibus omnis voluptatum explicabo similique. Facere amet provident at consequatur similique. Et officiis blanditiis soluta et quia eius labore.',0,1,'1979-02-18 19:56:17','2020-06-25 20:42:22',NULL),(172,5,65,'Veniam omnis aut quaerat sit ipsa. Et et dolor veritatis omnis minus dolorem. Reprehenderit sunt ut at provident repellat dolorem delectus.',0,1,'2012-11-19 18:32:21','2020-06-25 20:42:22',NULL),(173,6,38,'Aut ut aliquam quae aliquam eos optio tenetur. Ipsa recusandae nisi excepturi sed ea ducimus soluta. Fugit vitae voluptate non doloremque aspernatur non.',1,1,'2014-03-20 18:57:20','2020-06-25 20:42:22',NULL),(174,68,28,'Maiores impedit similique architecto cum. Ipsum dolor ab nihil fugiat minus. Qui velit qui modi quia.',1,1,'2013-06-07 02:11:46','2020-06-25 20:42:22',NULL),(175,37,98,'Eius facilis id culpa ut omnis et. Voluptas distinctio vel pariatur molestias. Pariatur dolor commodi non qui sint quia debitis. Et incidunt beatae dolores sit velit delectus id.',0,0,'2012-05-13 15:45:21','2020-06-25 20:42:22',NULL),(176,78,98,'Eos sint expedita et neque assumenda sed et. Corrupti consequatur qui voluptatem dolores porro eius. Atque quod ratione esse illo.',0,0,'1990-03-30 12:03:18','2020-06-25 20:42:22',NULL),(177,54,74,'Natus aut eos a sit aperiam. Corrupti veritatis sit quam aut maiores sed. Delectus voluptatum veniam fugit rem dignissimos.',1,1,'1982-04-21 17:58:36','2020-06-25 20:42:22',NULL),(178,9,24,'Inventore autem dolorem est numquam facere. A vel distinctio itaque soluta est cumque tempore. Sit earum ullam debitis ab ipsam.',1,0,'2013-08-05 10:14:13','2020-06-25 20:42:22',NULL),(179,90,79,'A iste cum iste natus. Explicabo mollitia sequi modi ea voluptates molestias omnis. Dolores eveniet deleniti eius asperiores qui. Sint nemo magnam dicta excepturi fuga pariatur.',1,0,'1988-03-03 05:48:49','2020-06-25 20:42:22',NULL),(180,25,86,'Delectus doloribus consequuntur voluptatem aut qui unde eveniet. Id quo qui consequatur eos. Et nostrum molestias veritatis mollitia aut.',0,1,'1986-02-10 00:45:32','2020-06-25 20:42:22',NULL),(181,55,15,'Explicabo quo perferendis consequatur quia sequi. Qui quia rerum illum distinctio eligendi cum itaque in. Ut est rerum libero. Iste aliquid voluptatem dolor amet.',1,0,'1984-01-13 13:44:53','2020-06-25 20:42:22',NULL),(182,12,13,'Optio qui ea amet. Exercitationem unde ut et odio laborum. Eaque cumque omnis quaerat.',1,1,'1996-08-09 12:08:14','2020-06-25 20:42:22',NULL),(183,30,9,'Dolores sunt ut voluptas qui earum. Modi labore aut tempore voluptates labore non non repellendus. Sed ut ipsa et natus. Voluptatem ea voluptatem velit voluptatem maxime officiis quia. Autem cupiditate eum quia sed inventore.',0,0,'1999-02-03 07:05:58','2020-06-25 20:42:22',NULL),(184,54,42,'Temporibus asperiores asperiores consequuntur ea et aut. Labore eaque adipisci sit vitae aut. Quos ullam iusto eaque voluptatum ut.',1,1,'2011-09-19 08:37:35','2020-06-25 20:42:22',NULL),(185,47,8,'Pariatur voluptate quisquam consequatur molestiae similique dolores. Incidunt ut repudiandae ut ad rerum quia natus. Consequatur impedit laudantium optio.',0,1,'2005-03-31 20:25:31','2020-06-25 20:42:22',NULL),(186,2,82,'Ab eos eos ut. Laudantium maiores exercitationem nisi et consequatur eum fugit. Id asperiores est suscipit consequuntur. Esse enim officiis labore non.',1,0,'2002-07-26 18:59:44','2020-06-25 20:42:22',NULL),(187,4,73,'Qui optio ad unde quae. Nisi repudiandae ut magnam voluptates ad quia nam.',0,0,'2008-06-11 19:08:39','2020-06-25 20:42:22',NULL),(188,52,41,'Exercitationem ut et quia vel ut iure recusandae. Rerum dolores maxime sed eos. Vel eligendi aut sapiente omnis voluptatibus earum facilis sit. Architecto sit unde vitae impedit aut quaerat.',1,0,'2019-05-30 13:45:27','2020-06-25 20:42:22',NULL),(189,50,24,'Aut sunt tenetur ea inventore aut magni. Officia amet eos iure doloremque. Atque occaecati soluta doloribus labore. Veniam voluptas non eum dicta.',1,1,'1995-05-06 18:49:44','2020-06-25 20:42:22',NULL),(190,69,74,'Excepturi qui quia aliquid illum. Eum dolorem quisquam doloremque cum error molestias totam. Id id expedita et animi nemo tempore et. Molestias provident similique quasi voluptates laboriosam consequatur provident.',1,0,'1983-04-17 06:50:35','2020-06-25 20:42:22',NULL),(191,64,94,'Voluptatem pariatur veniam laborum. Aliquam tempore omnis praesentium dolorem in. Perferendis eos error quaerat cum aspernatur iusto.',0,1,'1994-06-02 16:24:36','2020-06-25 20:42:22',NULL),(192,80,16,'Et voluptatem nam deserunt omnis dolorem. Omnis impedit fugiat nihil dolores quas. Reiciendis reiciendis rerum et odit in.',0,1,'2003-12-21 22:59:06','2020-06-25 20:42:22',NULL),(193,38,44,'Accusantium voluptatem omnis consequuntur ut occaecati illum autem. Omnis quo et neque accusantium distinctio adipisci quisquam. Et commodi nostrum ipsum officiis. Consequatur delectus consequuntur ut.',1,1,'1994-08-13 16:36:32','2020-06-25 20:42:22',NULL),(194,5,92,'Iure beatae delectus ab inventore et facilis. Maiores maiores similique praesentium corrupti. Aliquam nihil et aperiam architecto quo fuga.',0,0,'2013-09-01 07:42:22','2020-06-25 20:42:22',NULL),(195,45,48,'Quo quia omnis minus omnis tenetur. Vitae excepturi ut provident earum aut quos saepe. Et ipsa et et et tempora voluptatem sunt officia. Corrupti quia dolorum architecto alias quo quo aliquid.',0,1,'2010-09-07 12:34:21','2020-06-25 20:42:22',NULL),(196,3,73,'Quis dolores et sed et aut. Provident voluptas autem ipsum enim. Quasi eligendi mollitia voluptates fugit.',0,0,'1992-06-23 22:07:10','2020-06-25 20:42:22',NULL),(197,53,46,'Deserunt mollitia sed et corrupti. Atque id quaerat nihil eius. At asperiores libero eum. Distinctio numquam et repellat ut et reprehenderit nihil. Aut repellendus ut cumque dolores.',1,0,'1973-02-26 19:47:38','2020-06-25 20:42:22',NULL),(198,72,20,'Sit a molestias distinctio sint quidem quas dolor quasi. Dolor aliquid qui veritatis sequi deleniti. Veritatis voluptatem aut alias et omnis.',0,1,'2003-10-22 00:56:23','2020-06-25 20:42:22',NULL),(199,84,59,'Dolores qui aut veritatis excepturi. Nostrum eum quisquam dignissimos fugiat dolor dolores. Possimus qui praesentium eum officia accusamus est laudantium. Quidem voluptate aut enim dolorem aut voluptatem voluptas.',0,1,'1971-07-08 17:05:24','2020-06-25 20:42:22',NULL),(200,42,35,'Mollitia saepe eum esse ad alias aliquid. Id minus recusandae iste est aut. Molestiae ducimus sunt provident eius excepturi. Laborum corporis est cupiditate. Sint nisi quibusdam dicta cupiditate voluptatem repellendus culpa voluptatem.',1,1,'2016-05-03 14:58:54','2020-06-25 20:42:22',NULL);
/*!40000 ALTER TABLE `messages` ENABLE KEYS */;
UNLOCK TABLES;

--
-- Table structure for table `posts`
--

DROP TABLE IF EXISTS `posts`;
/*!40101 SET @saved_cs_client     = @@character_set_client */;
/*!40101 SET character_set_client = utf8 */;
CREATE TABLE `posts` (
  `id` int unsigned NOT NULL AUTO_INCREMENT,
  `user_id` int unsigned NOT NULL,
  `community_id` int unsigned DEFAULT NULL,
  `head` varchar(255) DEFAULT NULL,
  `body` text NOT NULL,
  `media_id` int unsigned DEFAULT NULL,
  `is_public` tinyint(1) DEFAULT '1',
  `is_archived` tinyint(1) DEFAULT '0',
  `views_counter` int unsigned DEFAULT '0',
  `created_at` datetime DEFAULT CURRENT_TIMESTAMP,
  `updated_at` datetime DEFAULT CURRENT_TIMESTAMP ON UPDATE CURRENT_TIMESTAMP,
  PRIMARY KEY (`id`),
  KEY `posts_user_id_fk` (`user_id`),
  KEY `posts_community_id_fk` (`community_id`),
  KEY `posts_media_id_fk` (`media_id`),
  CONSTRAINT `posts_community_id_fk` FOREIGN KEY (`community_id`) REFERENCES `communities` (`id`),
  CONSTRAINT `posts_media_id_fk` FOREIGN KEY (`media_id`) REFERENCES `media` (`id`),
  CONSTRAINT `posts_user_id_fk` FOREIGN KEY (`user_id`) REFERENCES `users` (`id`)
) ENGINE=InnoDB AUTO_INCREMENT=101 DEFAULT CHARSET=utf8mb4 COLLATE=utf8mb4_0900_ai_ci;
/*!40101 SET character_set_client = @saved_cs_client */;

--
-- Dumping data for table `posts`
--

LOCK TABLES `posts` WRITE;
/*!40000 ALTER TABLE `posts` DISABLE KEYS */;
INSERT INTO `posts` VALUES (1,1,1,'ut','Praesentium ut aut et quis. Fuga dolor animi quaerat excepturi. Dolorem nostrum consequatur dolor cupiditate quasi mollitia ratione quia. Qui aut fugiat ea accusantium molestiae optio.',1,0,1,0,'2002-04-23 09:53:16','2019-11-03 16:16:02'),(2,11,50,'vitae','Sit ut quia qui animi. Dolore libero praesentium aperiam aut nam ratione eum. Quos reprehenderit odio consequatur quod porro explicabo. Vel quo voluptas molestiae consequatur reiciendis rerum debitis.',32,0,0,820855,'1995-03-29 09:11:51','2020-07-08 07:53:55'),(3,30,2,'dolore','Eum quia rerum voluptas ab dolor tempora quam porro. Velit alias eius impedit reiciendis odit et voluptatem. Consequatur corrupti expedita consequatur fuga enim cupiditate ut.',37,0,1,8355865,'2013-08-14 05:46:53','2020-07-08 07:53:55'),(4,4,4,'dolore','In error tempora debitis maxime. Id ex nostrum cumque exercitationem vitae eligendi. Explicabo autem consequuntur doloremque culpa. Odio ducimus aut similique velit ad.',4,0,1,49,'2011-09-09 09:23:06','2017-08-26 21:15:32'),(5,87,77,'ullam','Nobis eos autem nemo assumenda eius velit. Voluptas iste dolorum nam. Enim quis qui eius tempora a. Velit quia error ducimus dolores iure voluptas voluptate. Quis voluptate et eum distinctio.',51,1,0,39345,'2014-01-12 22:57:33','2020-07-08 07:53:55'),(6,6,6,'aut','Veniam sit modi facilis quia rerum tempore. Officia ut voluptas possimus distinctio nihil enim. Est molestiae velit sint tempora rem voluptatem. Ex asperiores molestiae qui architecto odio eos ipsa.',6,1,1,595357,'2016-11-19 14:30:36','2017-07-19 21:06:07'),(7,7,7,'quisquam','Illum non sed voluptatem tenetur ipsam illo. Non possimus earum voluptatibus reprehenderit quaerat consequatur suscipit ipsam. Recusandae necessitatibus ducimus ullam ut in ea. Aut repellendus autem quibusdam laborum ex saepe sit necessitatibus.',7,1,1,5,'1997-02-01 06:08:29','2013-03-02 10:29:35'),(8,8,8,'omnis','Tenetur ea sit minus quos temporibus et. Possimus quo omnis beatae mollitia odio quis. Quam vero consequuntur rerum ut sequi earum similique omnis. Et et nihil libero explicabo.',8,1,0,0,'1974-09-08 07:10:35','2004-07-13 04:28:40'),(9,9,9,'sapiente','Non dolores nihil molestiae quod. Fuga et sint provident officia ut. Enim nihil quam vitae sunt distinctio. Eum et ad sint excepturi at sit voluptatem.',9,1,1,956681901,'1970-01-31 08:43:45','2002-08-14 06:19:12'),(10,10,10,'autem','Molestiae in nobis et quasi architecto neque sunt. Laborum et fugiat doloribus consectetur. Atque praesentium officiis eum excepturi numquam placeat.',10,0,0,609264,'2014-09-01 01:42:56','2018-05-26 23:54:45'),(11,96,2,'ea','Ullam cum error qui non harum. Sunt molestias molestiae et atque est totam consequatur ab. Voluptate velit molestiae qui in dolore enim. Qui minima beatae vel ut dolor sed.',44,0,1,349,'2001-01-13 15:39:31','2020-07-08 07:53:55'),(12,4,55,'inventore','Dolore optio non quidem impedit inventore ut et. Repellat consequatur ducimus et est voluptatibus temporibus et. Est qui ipsa minima architecto sint vitae esse. Sit laudantium occaecati error.',124,1,0,9,'2015-08-25 06:09:41','2020-07-08 07:53:55'),(13,13,13,'molestiae','Quia dolores cum modi quibusdam repudiandae. Consequatur sint libero enim quis est. Neque aspernatur ea culpa nisi magnam voluptas ea. Recusandae sed quis ullam veniam provident.',13,1,1,201760,'2002-01-02 10:24:04','2008-07-16 15:59:11'),(14,45,36,'fugit','Saepe in minus quidem sapiente voluptatem tenetur. Qui ipsa est sint quis temporibus sed rem. Ut recusandae et cum laboriosam et mollitia repellendus veritatis.',91,1,1,25391,'1982-12-19 04:24:56','2020-07-08 07:53:55'),(15,20,64,'vero','Officia autem commodi qui quo quod facere cupiditate. Dignissimos sint rerum earum iste fugit qui. Ut perspiciatis aut omnis velit officiis.',114,0,1,1,'2003-05-22 20:35:43','2020-07-08 07:53:55'),(16,94,97,'mollitia','Enim consequatur sit necessitatibus qui ipsam harum. Sint et aliquam quibusdam itaque distinctio. Occaecati dolor corrupti qui reprehenderit.',5,1,1,46503941,'1997-05-14 18:53:36','2020-07-08 07:53:55'),(17,22,1,'temporibus','Nihil unde hic aut ut quasi. Vero fugiat voluptatibus dignissimos voluptas tempore possimus. Officiis et numquam id. Occaecati qui dolorem dolorem voluptates.',80,1,1,6790,'2019-10-29 11:14:35','2020-07-08 07:53:55'),(18,97,65,'aliquid','Et ratione qui est aut earum non minus est. Qui nihil commodi aut eveniet quia qui. Et excepturi asperiores quod similique vitae. Eius quo minima aperiam eius esse explicabo omnis.',68,1,0,0,'2013-06-07 18:49:34','2020-07-08 07:53:55'),(19,19,19,'ipsa','Provident ipsam ex et magnam rerum. Cupiditate odio amet debitis quasi laboriosam.',19,1,1,26659664,'1986-04-07 03:58:14','2007-02-06 01:04:28'),(20,74,66,'quia','Laborum est est fugiat impedit laudantium iure impedit qui. Vitae eaque aut reiciendis soluta optio. Eum aut dicta enim eos et. Laboriosam velit non doloremque dicta tenetur et. Quis pariatur non nesciunt et sed reiciendis distinctio.',14,1,1,0,'2003-09-05 12:02:37','2020-07-08 07:53:55'),(21,39,74,'sunt','Non doloribus corporis expedita aliquid rerum praesentium. Quidem possimus ut sapiente deserunt aspernatur deserunt architecto vel.',102,1,0,48,'2010-01-03 11:07:07','2020-07-08 07:53:55'),(22,22,22,'quas','Atque quasi veritatis dolor velit. Voluptate ex vero accusamus et quia aut est.',22,0,0,45346250,'1976-03-01 18:50:31','2016-08-30 22:56:44'),(23,33,11,'voluptatem','Molestiae est commodi similique dolorem deleniti id deserunt. Perspiciatis debitis libero autem dicta placeat quibusdam. Voluptas consequatur corrupti aut possimus.',108,1,1,46,'2001-12-20 23:53:44','2020-07-08 07:53:55'),(24,24,24,'praesentium','Voluptatem aut beatae aut qui esse optio. Debitis velit quasi error quisquam blanditiis eos. Quia voluptas ipsa cumque veniam sit. Quia voluptas quia id perspiciatis illo et.',24,1,1,8797271,'1978-05-08 01:08:48','1993-03-07 13:14:33'),(25,25,25,'suscipit','Beatae officiis dolor et. Officia sint sequi ut omnis. Quod repellendus quas officia.',25,0,0,63,'1971-09-16 05:32:37','1977-02-24 14:06:42'),(26,39,33,'enim','Qui quisquam quod adipisci minus dicta qui. Sunt distinctio nostrum et et magni dolorum. Est quas architecto delectus blanditiis dicta id. Minus eos modi fugit non.',93,1,1,46445332,'2012-03-02 18:56:23','2020-07-08 07:53:55'),(27,27,27,'non','Molestiae voluptates harum voluptatum minima et ad. Id minima est cumque. Iusto laboriosam eaque iusto est eos. Recusandae quod atque sed quaerat. Rerum eaque sint id reiciendis dolor deserunt tenetur.',27,1,0,39,'1993-04-28 05:30:15','1995-01-31 14:02:03'),(28,33,26,'unde','Sapiente saepe est esse officiis vel qui omnis. Et neque est sint qui distinctio sit quo. Laborum dolorem consequatur nihil occaecati ipsam perferendis. Ut qui culpa quod libero atque quia qui.',60,1,1,57417,'1995-09-26 20:25:10','2020-07-08 07:53:55'),(29,72,68,'enim','Ut saepe qui repellendus vel. Nihil vel ratione illum eveniet velit pariatur commodi. Dolores accusantium quisquam qui omnis.',46,1,0,6197021,'2020-02-08 05:02:47','2020-07-08 07:53:55'),(30,12,88,'omnis','Cum vitae ad praesentium ut itaque autem ut. Et consequatur omnis occaecati a porro non accusamus. Architecto error eligendi velit aliquam.',11,1,1,28,'2000-08-02 01:36:11','2020-07-08 07:53:55'),(31,31,31,'sed','Magni reiciendis corporis non. Ullam officiis qui aut aspernatur.',31,1,0,7804341,'1977-12-29 08:52:06','2004-11-20 16:00:22'),(32,32,32,'voluptatibus','Facere velit expedita ab porro quia commodi nihil dolores. Neque ab similique nulla et quod accusantium culpa ut. Aut veritatis voluptatem itaque qui repellat consectetur. Asperiores facilis tempora dignissimos eum suscipit sed aut.',32,1,1,9139763,'1973-10-12 00:36:51','1985-10-27 19:32:52'),(33,33,33,'aliquam','Nihil est ab placeat qui. Exercitationem alias molestias voluptas voluptatem. Sint sit consequatur incidunt commodi.',33,1,1,5,'1983-07-06 20:31:44','2013-01-04 19:15:24'),(34,64,100,'nobis','Quod quos culpa et minus ut tempore. Nulla voluptates rerum quos autem. Eos eum ea molestiae quibusdam ea aliquid consequatur.',18,0,0,48,'2016-02-28 05:33:30','2020-07-08 07:53:55'),(35,46,2,'in','Rerum et enim tenetur praesentium saepe. Minus qui iure minus accusantium quam. Rerum voluptatem architecto nulla voluptas eos eaque laboriosam nisi.',138,0,0,19,'2014-05-11 05:08:53','2020-07-08 07:53:55'),(36,41,96,'dolore','Et illo harum enim consequatur reiciendis esse ipsum dolorem. Optio sint dolore dicta. Blanditiis sequi tempora et ratione consequatur exercitationem voluptatem.',116,0,1,23991,'2016-05-13 01:40:55','2020-07-08 07:53:55'),(37,2,35,'et','Eaque et voluptate qui. Rerum consectetur laudantium maiores atque sit. Sint autem possimus similique quo dolore. Hic accusantium est animi delectus esse consectetur vel voluptatem.',136,0,0,968133508,'1991-01-21 06:20:27','2020-07-08 07:53:55'),(38,38,38,'facilis','Placeat consequatur omnis nihil quasi. Quae ex quisquam labore id quae. Quia vero id adipisci maiores fuga. Aut enim et autem fugit non.',38,0,1,598423239,'1990-01-27 23:19:45','1998-07-26 21:21:44'),(39,37,78,'praesentium','Ut provident aut velit eveniet voluptas. Suscipit fuga dicta maxime qui in et perspiciatis. Voluptatum et vel totam fugit.',160,0,0,0,'2009-07-23 15:42:58','2020-07-08 07:53:55'),(40,65,85,'sint','Natus ipsa quos voluptatum quaerat. Vel ipsa debitis qui animi asperiores molestias. Et fuga quod provident porro pariatur.',58,1,0,988271876,'2016-09-22 12:46:53','2020-07-08 07:53:55'),(41,91,66,'et','Sint enim exercitationem accusantium minima omnis ut dolore. Animi autem commodi quibusdam labore quidem commodi cum. Vitae dolorem sint dolores quia non hic. Qui qui tempora omnis fugit praesentium est.',111,0,1,20317798,'1981-12-31 19:01:15','2020-07-08 07:53:55'),(42,42,42,'enim','Et earum voluptatem quia provident. In voluptatibus quis ut consequatur qui nihil corporis. Ipsum soluta dolorem qui assumenda amet. A ipsa aut modi itaque deleniti mollitia ipsum.',42,1,1,0,'2004-07-16 17:58:22','2007-08-04 01:01:56'),(43,81,38,'dicta','Ratione ad est eius et consequuntur atque voluptatem. Quo labore itaque similique illum. Id occaecati doloremque est nisi.',94,1,0,6910630,'2000-03-09 08:54:56','2020-07-08 07:53:55'),(44,21,62,'laudantium','Voluptas magni nam modi corrupti. Error pariatur sint rem expedita et quam consequatur veritatis. Est iste quia esse. Consequuntur molestiae minus dolorem quis ut nam.',95,1,0,2848117,'2007-07-26 23:35:12','2020-07-08 07:53:55'),(45,51,11,'provident','Delectus quae labore optio voluptatibus voluptas. Molestias dolores labore ea temporibus fuga quia sed voluptas. Est accusamus modi non ea facilis neque facilis.',5,1,0,806621,'2006-12-07 14:53:50','2020-07-08 07:53:55'),(46,46,46,'repudiandae','Molestiae eligendi iste dolore quos. Qui expedita dolorem quidem consequuntur. Totam consequatur iusto dolores itaque aperiam aut. Adipisci id maxime quisquam sit.',46,0,0,1891,'1971-04-18 08:40:58','2009-09-18 06:31:40'),(47,47,47,'praesentium','Soluta sit nemo ea dignissimos aut ex numquam. Aspernatur totam explicabo veritatis fugiat sint. Dolorum inventore ea velit dicta id animi.',1,1,0,8395,'1976-09-16 02:28:18','1980-09-22 01:54:26'),(48,48,48,'alias','Sint sapiente hic ea quaerat. Blanditiis et deleniti perspiciatis molestias et. Aut repellat deleniti soluta perspiciatis minus nihil dolore.',2,0,1,1601104,'1982-11-13 09:58:25','2017-09-29 02:01:45'),(49,80,89,'sed','Maxime repellat aut quae mollitia ipsa. Nisi vitae autem vitae autem non voluptas fuga. Unde quia perferendis deserunt nesciunt voluptatem ut magnam. Architecto qui ducimus maiores et cumque atque culpa.',15,1,1,614,'2005-10-03 23:35:21','2020-07-08 07:53:55'),(50,70,27,'aut','Consequatur in facere ullam nisi eaque magni. Illum est sequi qui et molestias aut rerum. Vitae est eligendi in dignissimos. Asperiores aspernatur cumque quam dignissimos alias sed.',45,1,1,2723,'2009-09-25 08:29:00','2020-07-08 07:53:55'),(51,51,51,'odio','Voluptates temporibus veritatis fugit perferendis et voluptates exercitationem. Impedit veritatis natus fugiat veniam neque est.',5,0,0,6754,'2009-05-06 00:39:33','2009-06-16 06:39:47'),(52,33,96,'sunt','Dignissimos natus aut in. Voluptatem et excepturi itaque et neque impedit. Labore ad perferendis et doloremque.',157,1,0,153,'1980-08-16 02:44:39','2020-07-08 07:53:55'),(53,7,96,'ullam','Quam dolorem perspiciatis nesciunt beatae rem eius unde commodi. Fugit sed et placeat deleniti. Aut mollitia et quia officia.',121,1,1,5173,'2007-11-05 11:34:16','2020-07-08 07:53:55'),(54,14,90,'eos','Explicabo quam quo nam perspiciatis culpa eaque sint. Itaque numquam quas sunt voluptas. Ut illum quisquam possimus consectetur quae veniam.',10,0,1,2160,'2007-10-17 23:39:43','2020-07-08 07:53:55'),(55,55,55,'debitis','Dolorum accusamus error omnis autem pariatur. Non recusandae asperiores iure praesentium. Enim illum corporis aut in. Temporibus et autem reprehenderit. Minima maiores nihil fugiat aperiam dolorum deleniti.',9,1,1,1713566,'1979-11-19 07:27:11','2013-02-21 01:39:40'),(56,56,56,'ratione','Et et nisi quia ea. Aut qui qui fugit animi. Libero consequatur iste recusandae tempore adipisci. Voluptatem praesentium ea laboriosam debitis placeat et vel.',10,0,1,488044599,'1978-09-08 12:42:03','1986-04-19 07:38:40'),(57,57,57,'unde','Doloremque id vel veritatis est vitae. Culpa sequi architecto est a. Delectus est dignissimos rerum eum ut atque quasi.',11,1,0,502477454,'1976-08-23 05:11:47','1988-12-07 18:58:06'),(58,56,65,'corporis','Dolor fuga nobis amet corrupti. Optio qui eos doloremque voluptas.',108,1,0,0,'2010-01-20 09:14:58','2020-07-08 07:53:55'),(59,77,20,'laboriosam','Corrupti aperiam numquam fugiat facere nesciunt debitis nihil. Ipsam sunt ut qui qui ea officia qui non. Eos unde mollitia et fugit praesentium.',139,1,0,5,'2015-07-31 07:45:50','2020-07-08 07:53:55'),(60,89,34,'nulla','Vel itaque officia dolores perspiciatis ipsum recusandae eum. Mollitia quasi tempora incidunt eum impedit exercitationem. Odio illo eligendi sit cupiditate reprehenderit.',8,0,0,95,'2012-03-04 17:09:37','2020-07-08 07:53:55'),(61,61,61,'ut','Dolorem consequatur quasi ut qui. Et eveniet temporibus ab et ipsam nihil nihil.',15,0,0,193584,'1985-12-29 18:24:24','1996-03-19 00:45:30'),(62,62,62,'esse','Expedita quia qui ut doloribus. Est animi a sit aliquid perferendis debitis ipsam. Ducimus quos sunt beatae eligendi consequatur.',16,0,0,63,'1976-07-31 13:20:37','1987-07-04 12:26:27'),(63,63,63,'repellendus','Dolorum eum beatae consequuntur qui. Quidem quo libero modi voluptate necessitatibus consequuntur eum cumque. Repellendus nostrum ut ut voluptatem quaerat sed. Quo omnis in praesentium qui harum.',17,1,1,21516087,'1976-09-26 14:57:55','2015-10-08 18:04:11'),(64,64,64,'eius','Officiis vero laborum est id fugit. Et minus nemo vero modi harum. In fugiat omnis eaque consequatur dignissimos aliquid doloribus. Rerum aut magnam impedit a.',18,1,1,0,'1980-12-08 03:02:04','1993-11-02 15:17:40'),(65,18,76,'est','Ipsum quia et velit pariatur. Quisquam laudantium quia aliquam et. Harum unde dolorum repellendus sit reiciendis voluptas consequatur.',51,0,0,53,'2005-04-27 14:33:32','2020-07-08 07:53:55'),(66,100,22,'aut','Tempora rerum sed id iure possimus reiciendis laboriosam nisi. Qui delectus velit voluptatem consequatur. Voluptate assumenda maxime magni voluptates. Beatae rerum deleniti inventore laudantium nisi omnis. Non ut aut nihil.',23,0,0,60061566,'1998-04-22 16:36:46','2020-07-08 07:53:55'),(67,67,67,'nihil','Dolorum maiores ipsam maiores ex. Veritatis quidem voluptatem enim. Enim voluptatem voluptatem est iure natus aut. Illo omnis cumque dolor corrupti veniam cum.',21,0,0,0,'2006-05-12 04:13:05','2006-08-24 17:51:12'),(68,91,20,'culpa','Enim qui distinctio ut consequatur. Et aut possimus repellendus voluptate. Qui possimus enim in at tenetur ut quis. Quo autem beatae et iste quibusdam consectetur non.',56,0,1,6,'2009-06-19 01:28:07','2020-07-08 07:53:55'),(69,78,6,'voluptate','Magni quis quos id aut. Est aperiam mollitia maiores et et. Ab alias aut ut facilis.',190,1,1,476,'2012-12-29 16:49:32','2020-07-08 07:53:55'),(70,70,70,'minus','Quia et placeat quaerat voluptatem amet. Culpa numquam veritatis eveniet quis dolorem et. Dolores culpa dolores atque aperiam laudantium tempora voluptatem sed. Repellendus nemo unde est cumque. Aliquam expedita beatae quis repudiandae ut ut.',24,1,0,980653715,'1982-11-13 18:25:26','2019-11-04 20:13:59'),(71,71,71,'dolor','Et beatae voluptas velit occaecati quod. Culpa mollitia impedit est natus reiciendis. Corrupti incidunt harum saepe quia inventore quos. Deleniti et doloribus consequuntur laudantium minima laudantium est reprehenderit.',25,1,0,30468,'1976-08-08 00:56:57','2018-07-22 01:52:36'),(72,72,72,'ducimus','Quidem voluptatibus voluptatibus sed aut architecto. Cum cupiditate dolor maiores pariatur eveniet.',26,1,0,9019,'1981-08-11 12:38:04','1986-01-19 16:49:55'),(73,58,2,'magnam','Consequatur repudiandae quo illum velit aliquid accusamus explicabo. Ut mollitia beatae minima nihil nostrum atque. Accusamus non accusamus quo blanditiis soluta esse. Facilis nisi soluta incidunt.',70,0,0,2,'2001-02-13 22:22:37','2020-07-08 07:53:55'),(74,74,74,'pariatur','Ratione et sunt dolore error qui quo rerum. Doloribus deleniti recusandae fuga ex quia. Aut repellendus ut ullam sint.',28,0,0,1309758,'1982-06-09 23:42:13','2011-03-01 15:07:44'),(75,75,75,'consequuntur','Accusantium ipsum maiores eius dolor quo et. Omnis ea sint voluptatibus porro dolorum illum eum. Doloribus rerum et accusamus vel fuga possimus sapiente. Ullam rerum rerum voluptates exercitationem ut illum.',29,1,1,118,'1986-05-14 16:46:16','1990-05-12 14:34:29'),(76,76,76,'cupiditate','Et quo est esse nihil excepturi et quia. Minus optio minima dolor at. Repudiandae impedit nesciunt nemo. Ut asperiores atque tempora voluptatum nobis sunt. Placeat at corporis laboriosam ea optio sit iure quos.',30,1,0,663948477,'1992-10-10 07:07:02','2013-03-07 03:03:52'),(77,77,77,'sit','Ducimus ad nostrum excepturi non consequatur doloribus. Mollitia temporibus totam quaerat in placeat. Deserunt laborum quia atque tenetur quia et.',31,0,0,1728211,'1973-11-12 16:25:37','1998-01-08 04:28:41'),(78,70,45,'expedita','Tenetur omnis vel rerum accusamus. Et quos autem aspernatur ea et voluptatem libero unde.',28,0,1,802,'1997-10-28 01:52:35','2020-07-08 07:53:55'),(79,79,79,'expedita','Dolores iure maxime doloribus possimus et ducimus. Nobis molestiae optio quasi voluptate mollitia. Et voluptatem amet vel et totam voluptas. Sapiente molestias voluptatem molestiae explicabo ut est et corporis.',33,1,0,663,'1986-04-20 01:59:35','2003-10-09 01:35:22'),(80,36,35,'facere','Possimus qui aperiam sapiente sint et ea. Excepturi commodi aut nihil dolorum placeat nobis. Hic aspernatur est doloremque quisquam animi dolorum tenetur qui. Sint commodi quia sequi provident.',137,1,0,0,'2005-11-05 17:43:43','2020-07-08 07:53:55'),(81,37,78,'impedit','Unde perspiciatis maiores accusamus alias libero. Consequuntur vel quisquam quod ab porro dolor. Reprehenderit vel ea cupiditate voluptates optio. Odit molestias magni ab aspernatur sunt illum modi.',154,0,1,48270146,'2014-06-10 05:47:37','2020-07-08 07:53:55'),(82,52,29,'ipsum','Ut consequatur dolorem quo quas. Ad ab porro quibusdam dolor sed qui.',172,0,1,750071500,'2010-08-29 08:13:49','2020-07-08 07:53:55'),(83,45,67,'unde','Eligendi maiores nihil nihil et dolor voluptatem. Sint error accusamus rem fugit dolore sunt.',193,1,0,56,'2010-04-14 19:07:25','2020-07-08 07:53:55'),(84,85,31,'ipsam','Autem ullam illum voluptatem quam. Quam nihil esse debitis iste omnis voluptatem. Nihil maiores alias dolorem excepturi nobis est.',3,0,0,603545896,'2017-11-01 14:35:47','2020-07-08 07:53:55'),(85,85,85,'nesciunt','Corporis enim soluta illum molestias. Voluptates tempora repellat dolores et est et nulla. Nobis ducimus corrupti occaecati cum autem velit. Nihil eius ipsum porro et.',39,0,1,79529,'1972-05-06 20:15:40','1988-05-24 21:53:08'),(86,86,86,'inventore','Nobis quos enim omnis perspiciatis. Sunt ut nemo quaerat veritatis delectus ex voluptatem. Quibusdam natus ut sint ut qui aut. Est fugiat reprehenderit vel hic. Asperiores ipsum corrupti qui iure.',40,0,0,2,'1984-07-04 11:30:38','1999-03-09 14:37:14'),(87,14,64,'et','Quod quas sunt necessitatibus ad est. Sint veniam aut velit voluptas doloribus reprehenderit dolores. Praesentium nostrum et et sit et voluptas. Odio aut magni accusamus explicabo labore.',157,0,0,11707339,'1990-06-29 07:18:13','2020-07-08 07:53:55'),(88,88,88,'velit','Iure ut ad impedit nihil voluptatibus. Libero a ipsam quia maiores quo. Consequatur suscipit et provident perspiciatis. Quaerat id voluptatibus exercitationem.',42,0,1,210844812,'2000-03-31 11:00:28','2001-06-06 14:52:45'),(89,1,67,'ad','Nemo illum voluptas laboriosam laborum deleniti. Odio dignissimos quae quam. Doloribus qui quis est dolorem consequuntur doloribus.',61,0,0,98,'2004-02-10 00:04:44','2020-07-08 07:53:55'),(90,90,90,'ut','Perspiciatis perferendis ipsa ea omnis voluptate at molestiae. Soluta voluptatibus sed et suscipit velit. Dicta qui aut sed modi dolorem voluptatibus fugit.',44,0,0,99109,'1976-10-24 09:46:32','2001-06-14 03:19:17'),(91,91,91,'qui','Quia quod optio provident et ut maiores vitae. Aut vero sit suscipit voluptates harum. Est minima enim ipsam enim. Corrupti ut laborum vitae velit sapiente quisquam consequatur.',45,1,1,745848,'1982-01-12 18:43:50','1988-05-19 16:56:34'),(92,92,92,'eaque','Accusantium soluta sed voluptas iure vitae et at fuga. Fugit voluptates id eum quam tempore ea non. Dolore sed rem totam quia qui.',46,0,1,681,'1975-10-16 08:34:47','1981-08-30 08:53:40'),(93,93,93,'suscipit','Molestias repellat unde voluptatibus autem laborum et quo. Esse nobis quis asperiores non. Dolorem corrupti esse eligendi et.',1,1,1,3986,'2002-09-01 22:20:33','2003-07-17 20:53:10'),(94,53,72,'et','Dolore veritatis iure qui nulla dignissimos numquam. Exercitationem deserunt quam magni atque quas. Quo ipsam aut nostrum sit molestiae aspernatur vel libero. Dicta incidunt reiciendis explicabo quia similique omnis exercitationem.',199,1,0,0,'1988-08-21 03:31:19','2020-07-08 07:53:55'),(95,83,13,'qui','Facilis laborum est voluptates nostrum voluptas fugit recusandae. Aliquid aut est eos vel laudantium placeat repellat. Aperiam architecto tenetur eligendi eligendi minima consequatur. Id explicabo facilis sunt iusto aut exercitationem fuga. Quo et dolorem sunt possimus officiis.',36,0,0,215186,'1998-02-10 19:56:07','2020-07-08 07:53:55'),(96,51,100,'recusandae','Sequi aliquid illo qui inventore voluptatibus. Laudantium repellat qui tempora reiciendis. Ipsum est dolor iure ipsa atque officia. Provident qui reprehenderit tempora in dolores quis.',94,0,1,6621,'2014-12-11 19:36:39','2020-07-08 07:53:55'),(97,97,97,'saepe','Aliquam dolor explicabo et cum. Doloremque eos error molestias voluptatem et eligendi. Iste accusamus exercitationem nisi earum.',5,0,1,96,'2005-01-09 23:30:05','2019-02-07 00:51:36'),(98,34,30,'architecto','Molestiae ut fuga quidem enim numquam assumenda quo nulla. Quisquam et blanditiis at nesciunt molestias illum. Ipsum sit unde eaque et aspernatur voluptatem incidunt.',95,0,0,203,'2008-08-04 07:57:32','2020-07-08 07:53:55'),(99,99,99,'voluptatem','Deleniti delectus similique ducimus officia eum eum debitis. Veritatis voluptatem eos aut officia aperiam vel consequatur. Et repellendus voluptatibus cumque quidem officiis est dolor.',7,0,1,1133970,'1970-09-08 11:25:04','1983-11-18 12:05:37'),(100,46,89,'voluptate','Cupiditate autem soluta et ex iusto cum. Iusto qui expedita rem. Nisi magnam fuga quisquam quo rerum deserunt porro veniam. Magni deserunt quasi hic consequuntur atque dignissimos in.',8,0,1,8946319,'1976-06-28 08:44:58','2020-07-08 07:53:55');
/*!40000 ALTER TABLE `posts` ENABLE KEYS */;
UNLOCK TABLES;

--
-- Table structure for table `profiles`
--

DROP TABLE IF EXISTS `profiles`;
/*!40101 SET @saved_cs_client     = @@character_set_client */;
/*!40101 SET character_set_client = utf8 */;
CREATE TABLE `profiles` (
  `user_id` int unsigned NOT NULL COMMENT 'Ссылка на пользователя',
  `gender` char(1) CHARACTER SET utf8 COLLATE utf8_unicode_ci NOT NULL COMMENT 'Пол',
  `birthday` date DEFAULT NULL COMMENT 'Дата рождения',
  `photo_id` int unsigned DEFAULT NULL COMMENT 'Ссылка на основную фотографию пользователя',
  `city` varchar(130) CHARACTER SET utf8 COLLATE utf8_unicode_ci DEFAULT NULL COMMENT 'Город проживания',
  `country` varchar(130) CHARACTER SET utf8 COLLATE utf8_unicode_ci DEFAULT NULL COMMENT 'Страна проживания',
  `created_at` datetime DEFAULT CURRENT_TIMESTAMP COMMENT 'Время создания строки',
  `updated_at` datetime DEFAULT CURRENT_TIMESTAMP ON UPDATE CURRENT_TIMESTAMP COMMENT 'Время обновления строки',
  PRIMARY KEY (`user_id`),
  KEY `profiles_photo_id_fk` (`photo_id`),
  CONSTRAINT `profiles_photo_id_fk` FOREIGN KEY (`photo_id`) REFERENCES `media` (`id`) ON DELETE SET NULL,
  CONSTRAINT `profiles_user_id_fk` FOREIGN KEY (`user_id`) REFERENCES `users` (`id`) ON DELETE CASCADE
) ENGINE=InnoDB DEFAULT CHARSET=utf8 COLLATE=utf8_unicode_ci COMMENT='Профили';
/*!40101 SET character_set_client = @saved_cs_client */;

--
-- Dumping data for table `profiles`
--

LOCK TABLES `profiles` WRITE;
/*!40000 ALTER TABLE `profiles` DISABLE KEYS */;
INSERT INTO `profiles` VALUES (1,'f','1974-08-05',1,'Lurlineton','Ukraine','2015-12-04 07:09:18','2020-06-25 20:12:20'),(2,'m','1988-08-20',2,'Rosenbaumville','Belarus','1993-11-03 12:02:51','2020-06-25 20:12:20'),(3,'m','2008-06-04',3,'Alicefurt','Ukraine','1989-04-12 05:35:51','2020-06-25 20:12:20'),(4,'m','1988-03-03',4,'Kerlukeborough','Russian Federation','2003-09-24 01:12:20','2020-06-25 20:12:20'),(5,'m','1974-01-30',5,'Boyleborough','Russian Federation','1977-03-11 02:03:40','2020-06-25 20:12:20'),(6,'f','1989-05-04',6,'West Jensenland','Belarus','1994-04-06 11:06:02','2020-06-25 20:12:20'),(7,'f','1999-12-05',7,'South Isaiah','Ukraine','1990-12-05 15:08:32','2020-06-25 20:12:20'),(8,'m','1998-07-13',8,'Marksborough','Ukraine','2009-12-18 00:36:06','2020-06-25 20:12:20'),(9,'m','1970-01-20',9,'Louisahaven','Belarus','1994-03-09 03:39:04','2020-06-25 20:12:20'),(10,'f','1989-12-08',10,'South Dashawn','Russian Federation','1997-10-01 07:19:38','2020-06-25 20:12:20'),(11,'f','1997-09-26',11,'East Floyd','Belarus','2019-04-27 02:34:51','2020-06-25 20:12:20'),(12,'m','2018-11-19',12,'Amiraberg','Belarus','1984-03-20 20:29:19','2020-06-25 20:12:20'),(13,'m','1981-10-15',13,'Walshberg','Russian Federation','1996-03-04 21:46:38','2020-06-25 20:12:20'),(14,'f','1989-05-28',14,'South Janafurt','Russian Federation','1977-05-21 07:51:56','2020-06-25 20:12:20'),(15,'f','1974-12-16',15,'New Emeraldtown','Belarus','1991-02-25 00:32:59','2020-06-25 20:12:20'),(16,'f','1981-12-08',16,'Port Demarcomouth','Ukraine','1986-10-20 12:12:02','2020-06-25 20:12:20'),(17,'m','1986-11-13',17,'Volkmanbury','Russian Federation','2018-04-29 16:27:31','2020-06-25 20:12:20'),(18,'f','1995-04-17',18,'Leonorside','Ukraine','1982-12-01 16:46:31','2020-06-25 20:12:20'),(19,'f','1988-11-10',19,'Lamarbury','Belarus','1984-07-07 05:05:17','2020-06-25 20:12:20'),(20,'m','1989-04-14',20,'North Leslyfort','Ukraine','1972-12-28 01:21:01','2020-06-25 20:12:20'),(21,'f','2010-05-29',21,'Goldnerhaven','Ukraine','2019-07-08 06:49:34','2020-06-25 20:12:20'),(22,'m','2006-07-27',22,'Port Damaris','Ukraine','1983-02-09 02:08:01','2020-06-25 20:12:20'),(23,'f','2019-03-05',23,'Starkmouth','Ukraine','1983-10-19 04:16:35','2020-06-25 20:12:20'),(24,'m','1994-05-12',24,'Port Louisa','Belarus','1983-04-27 18:29:20','2020-06-25 20:12:20'),(25,'m','2010-11-02',25,'Harberport','Russian Federation','1978-04-17 12:55:29','2020-06-25 20:12:20'),(26,'m','1998-10-15',26,'Sporerchester','Ukraine','2005-04-08 22:54:22','2020-06-25 20:12:20'),(27,'f','1990-06-18',27,'North Merlmouth','Ukraine','2018-09-28 10:51:26','2020-06-25 20:12:20'),(28,'f','1970-10-05',28,'Oswaldoburgh','Ukraine','1977-12-03 17:14:01','2020-06-25 20:12:20'),(29,'f','1993-08-06',29,'North Tevinland','Russian Federation','1975-12-20 06:28:13','2020-06-25 20:12:20'),(30,'f','1999-03-09',30,'Lake Davonte','Russian Federation','1987-05-17 13:47:02','2020-06-25 20:12:20'),(31,'m','2017-05-12',31,'Lake Ruthie','Ukraine','1992-04-06 17:09:44','2020-06-25 20:12:20'),(32,'m','1972-05-06',32,'South Arnoldomouth','Ukraine','2014-05-18 22:53:13','2020-06-25 20:12:20'),(33,'m','1994-09-20',33,'Teaganton','Belarus','2000-02-22 14:24:03','2020-06-25 20:12:20'),(34,'f','1980-06-30',34,'West Norvalport','Belarus','1988-07-14 21:22:53','2020-06-25 20:12:20'),(35,'m','1988-02-01',35,'Port Baron','Belarus','2018-11-08 04:20:19','2020-06-25 20:12:20'),(36,'f','2012-02-25',36,'West Jaquelineville','Russian Federation','1985-10-17 08:30:25','2020-06-25 20:12:20'),(37,'m','1989-01-29',37,'Dexterfort','Ukraine','2004-11-22 19:21:09','2020-06-25 20:12:20'),(38,'f','2000-02-11',38,'Antwanborough','Belarus','2007-08-18 18:03:49','2020-06-25 20:12:20'),(39,'m','1970-04-23',39,'New Hermannbury','Ukraine','1983-04-23 23:46:32','2020-06-25 20:12:20'),(40,'f','2008-03-13',40,'Titoview','Russian Federation','2017-07-08 14:02:20','2020-06-25 20:12:20'),(41,'f','2006-12-10',41,'Lake Niaport','Belarus','2016-12-03 07:09:37','2020-06-25 20:12:20'),(42,'m','1979-06-17',42,'Carrollfurt','Russian Federation','1996-01-19 09:00:02','2020-06-25 20:12:20'),(43,'m','1972-07-03',43,'Lake Karahaven','Ukraine','1990-10-25 12:04:00','2020-06-25 20:12:20'),(44,'f','1986-08-30',44,'West Bertram','Ukraine','1975-07-28 09:20:45','2020-06-25 20:12:20'),(45,'m','2018-08-17',45,'Port Zenahaven','Ukraine','2019-12-14 17:31:48','2020-06-25 20:12:20'),(46,'f','1973-10-26',46,'East Cleo','Belarus','2002-12-26 20:21:01','2020-06-25 20:12:20'),(47,'m','1991-06-06',47,'East Carmella','Russian Federation','1974-02-10 01:27:57','2020-06-25 20:12:20'),(48,'m','1976-08-17',48,'West Doloresport','Belarus','2011-03-25 07:50:11','2020-06-25 20:12:20'),(49,'f','1979-04-01',49,'Lavernemouth','Russian Federation','2015-08-28 22:53:54','2020-06-25 20:12:20'),(50,'m','1979-04-26',50,'McGlynnmouth','Russian Federation','1981-10-01 09:12:04','2020-06-25 20:12:20'),(51,'m','1993-08-29',51,'West Shanon','Belarus','2008-08-08 10:33:34','2020-06-25 20:12:20'),(52,'f','1976-04-07',52,'Elyssaburgh','Ukraine','2018-11-01 15:33:04','2020-06-25 20:12:20'),(53,'m','2013-02-11',53,'South Dannymouth','Ukraine','2002-03-07 09:21:36','2020-06-25 20:12:20'),(54,'f','1986-09-16',54,'South Chance','Russian Federation','1983-06-15 05:32:47','2020-06-25 20:12:20'),(55,'m','1973-03-26',55,'New Darianton','Ukraine','2008-07-31 00:13:20','2020-06-25 20:12:20'),(56,'f','1988-05-23',56,'Shaniyamouth','Russian Federation','2005-03-31 14:49:42','2020-06-25 20:12:20'),(57,'m','2014-09-08',57,'Yadiraburgh','Ukraine','1997-03-23 21:20:04','2020-06-25 20:12:20'),(58,'m','1979-03-14',58,'Morganside','Ukraine','2001-05-31 18:59:51','2020-06-25 20:12:20'),(59,'f','1998-09-30',59,'South Rodger','Ukraine','1971-04-25 18:36:31','2020-06-25 20:12:20'),(60,'f','2005-12-03',60,'Hermistonton','Ukraine','1989-02-21 03:41:36','2020-06-25 20:12:20'),(61,'m','1976-12-25',61,'South Aracelyfurt','Russian Federation','1987-11-28 15:18:18','2020-06-25 20:12:20'),(62,'m','1978-06-25',62,'Gusikowskishire','Russian Federation','1982-10-25 18:01:00','2020-06-25 20:12:20'),(63,'f','1977-12-26',63,'New Agnes','Russian Federation','2013-09-05 22:44:14','2020-06-25 20:12:20'),(64,'m','1992-12-15',64,'Port Jovanyview','Russian Federation','1976-05-17 07:47:11','2020-06-25 20:12:20'),(65,'m','2004-08-18',65,'North Alaynaborough','Russian Federation','1989-05-20 14:37:41','2020-06-25 20:12:20'),(66,'m','2010-03-07',66,'Kelleyside','Russian Federation','1997-11-18 04:33:07','2020-06-25 20:12:20'),(67,'f','2013-05-31',67,'Toymouth','Russian Federation','1998-11-16 06:18:40','2020-06-25 20:12:20'),(68,'m','1996-12-31',68,'Mantefurt','Belarus','2007-02-28 04:43:20','2020-06-25 20:12:20'),(69,'f','1981-09-04',69,'South Marian','Russian Federation','1985-03-22 20:24:20','2020-06-25 20:12:20'),(70,'f','1997-10-24',70,'Rueckerchester','Russian Federation','2012-12-09 20:06:53','2020-06-25 20:12:20'),(71,'f','1998-06-18',71,'East Dayna','Ukraine','1972-12-20 04:13:45','2020-06-25 20:12:20'),(72,'f','2008-12-09',72,'Yoststad','Belarus','2000-08-04 21:11:43','2020-06-25 20:12:20'),(73,'m','1996-07-03',73,'Sanfordside','Belarus','1997-12-20 17:45:04','2020-06-25 20:12:20'),(74,'m','1985-07-01',74,'Lewland','Belarus','2008-03-17 05:56:10','2020-06-25 20:12:20'),(75,'m','1987-01-21',75,'Estelleberg','Russian Federation','1977-02-26 16:18:14','2020-06-25 20:12:20'),(76,'f','1989-12-07',76,'Santinaside','Belarus','1997-05-08 02:58:37','2020-06-25 20:12:20'),(77,'m','1991-08-23',77,'New Letitia','Russian Federation','1997-12-25 18:47:48','2020-06-25 20:12:20'),(78,'f','2018-12-21',78,'South Dawnport','Russian Federation','1972-05-18 01:06:37','2020-06-25 20:12:20'),(79,'f','1991-12-21',79,'Lake Roelborough','Belarus','1998-12-29 04:27:11','2020-06-25 20:12:20'),(80,'f','2010-04-29',80,'South Georgette','Belarus','2011-10-20 18:52:15','2020-06-25 20:12:20'),(81,'f','1980-08-18',81,'Lake Piper','Ukraine','1987-02-25 00:40:08','2020-06-25 20:12:20'),(82,'m','1971-08-05',82,'New Kodyside','Russian Federation','2020-05-11 22:34:26','2020-06-25 20:12:20'),(83,'m','1986-12-15',83,'Trevabury','Belarus','1976-05-07 01:53:31','2020-06-25 20:12:20'),(84,'f','2006-03-28',84,'South Josianneport','Russian Federation','2000-12-27 20:33:16','2020-06-25 20:12:20'),(85,'m','1996-03-03',85,'Auerbury','Russian Federation','1980-08-08 08:14:40','2020-06-25 20:12:20'),(86,'m','1983-06-11',86,'Effertztown','Russian Federation','2000-03-08 01:42:01','2020-06-25 20:12:20'),(87,'f','2013-06-01',87,'Eliezerborough','Belarus','2003-09-25 17:24:18','2020-06-25 20:12:20'),(88,'m','1982-07-01',88,'North Nigelmouth','Belarus','1977-11-11 13:45:37','2020-06-25 20:12:20'),(89,'m','1993-11-27',89,'Lake Marcelleville','Russian Federation','1995-05-29 11:34:37','2020-06-25 20:12:20'),(90,'m','2001-05-11',90,'Lake Kavon','Russian Federation','1994-04-10 19:30:28','2020-06-25 20:12:20'),(91,'f','1972-09-22',91,'Christianview','Belarus','2018-09-19 23:54:45','2020-06-25 20:12:20'),(92,'m','1991-01-06',92,'West Orvillemouth','Russian Federation','1992-11-26 01:43:27','2020-06-25 20:12:20'),(93,'m','2005-09-28',93,'West Gustavemouth','Ukraine','1970-09-17 06:22:15','2020-06-25 20:12:20'),(94,'m','1998-06-26',94,'Sylvesterchester','Russian Federation','2012-10-07 09:18:47','2020-06-25 20:12:20'),(95,'m','2006-04-21',95,'Everetteborough','Belarus','1996-10-06 07:10:08','2020-06-25 20:12:20'),(96,'m','2007-09-03',96,'West Bettiechester','Russian Federation','1971-05-14 16:09:51','2020-06-25 20:12:20'),(97,'f','2020-01-21',97,'Lake Alyce','Belarus','2019-03-24 02:46:34','2020-06-25 20:12:20'),(98,'f','1993-06-15',98,'Maybellestad','Russian Federation','1978-09-16 13:26:24','2020-06-25 20:12:20'),(99,'f','2005-05-23',99,'New Hankside','Belarus','1977-04-13 16:48:12','2020-06-25 20:12:20'),(100,'f','1995-07-06',100,'Ernietown','Ukraine','1985-06-28 16:59:28','2020-06-25 20:12:20');
/*!40000 ALTER TABLE `profiles` ENABLE KEYS */;
UNLOCK TABLES;

--
-- Table structure for table `target_types`
--

DROP TABLE IF EXISTS `target_types`;
/*!40101 SET @saved_cs_client     = @@character_set_client */;
/*!40101 SET character_set_client = utf8 */;
CREATE TABLE `target_types` (
  `id` int unsigned NOT NULL AUTO_INCREMENT,
  `name` varchar(255) NOT NULL,
  `created_at` datetime DEFAULT CURRENT_TIMESTAMP,
  PRIMARY KEY (`id`),
  UNIQUE KEY `name` (`name`)
) ENGINE=InnoDB AUTO_INCREMENT=5 DEFAULT CHARSET=utf8mb4 COLLATE=utf8mb4_0900_ai_ci;
/*!40101 SET character_set_client = @saved_cs_client */;

--
-- Dumping data for table `target_types`
--

LOCK TABLES `target_types` WRITE;
/*!40000 ALTER TABLE `target_types` DISABLE KEYS */;
INSERT INTO `target_types` VALUES (1,'messages','2020-07-06 20:22:35'),(2,'users','2020-07-06 20:22:35'),(3,'media','2020-07-06 20:22:35'),(4,'posts','2020-07-06 20:22:35');
/*!40000 ALTER TABLE `target_types` ENABLE KEYS */;
UNLOCK TABLES;

--
-- Table structure for table `users`
--

DROP TABLE IF EXISTS `users`;
/*!40101 SET @saved_cs_client     = @@character_set_client */;
/*!40101 SET character_set_client = utf8 */;
CREATE TABLE `users` (
  `id` int unsigned NOT NULL AUTO_INCREMENT COMMENT 'Идентификатор строки',
  `first_name` varchar(100) CHARACTER SET utf8 COLLATE utf8_unicode_ci NOT NULL COMMENT 'Имя пользователя',
  `last_name` varchar(100) CHARACTER SET utf8 COLLATE utf8_unicode_ci NOT NULL COMMENT 'Фамилия пользователя',
  `email` varchar(100) CHARACTER SET utf8 COLLATE utf8_unicode_ci NOT NULL COMMENT 'Почта',
  `phone` varchar(100) CHARACTER SET utf8 COLLATE utf8_unicode_ci NOT NULL COMMENT 'Телефон',
  `created_at` datetime DEFAULT CURRENT_TIMESTAMP COMMENT 'Время создания строки',
  `updated_at` datetime DEFAULT CURRENT_TIMESTAMP ON UPDATE CURRENT_TIMESTAMP COMMENT 'Время обновления строки',
  PRIMARY KEY (`id`),
  UNIQUE KEY `email` (`email`),
  UNIQUE KEY `phone` (`phone`)
) ENGINE=InnoDB AUTO_INCREMENT=101 DEFAULT CHARSET=utf8 COLLATE=utf8_unicode_ci COMMENT='Пользователи';
/*!40101 SET character_set_client = @saved_cs_client */;

--
-- Dumping data for table `users`
--

LOCK TABLES `users` WRITE;
/*!40000 ALTER TABLE `users` DISABLE KEYS */;
INSERT INTO `users` VALUES (1,'Thelma','Murray','preston77@example.com','416-181-2861x39067','2014-03-16 01:00:46','2020-06-25 20:10:13'),(2,'Rory','Wolff','orrin.kovacek@example.org','392-536-8528','1975-08-28 05:31:45','1998-11-09 05:55:46'),(3,'Heloise','Ondricka','maggie.smitham@example.com','(261)473-0424','2012-08-06 06:51:49','2020-06-25 20:10:13'),(4,'Deja','Schowalter','toy.volkman@example.org','(362)981-6157x813','2014-09-05 10:16:44','2020-06-25 20:10:13'),(5,'Freda','Bailey','zrussel@example.com','1-407-584-7980','2012-09-19 18:15:14','2014-09-20 13:18:43'),(6,'Gerry','Gulgowski','frederick83@example.net','+11(7)9865596997','2016-06-25 16:27:01','2020-06-25 20:10:13'),(7,'Micah','Beier','lveum@example.org','073-369-9969x129','2005-06-21 19:32:37','2020-06-25 20:10:13'),(8,'Izabella','Heidenreich','srohan@example.com','997-248-1109','1992-05-05 01:48:46','2020-06-25 20:10:13'),(9,'Mason','Jaskolski','concepcion89@example.net','746-672-3762','2011-04-09 04:43:33','2020-06-25 20:10:13'),(10,'Marcus','Spencer','brandy12@example.org','824-926-6984x237','2006-04-26 16:30:45','2020-06-25 20:10:13'),(11,'Andres','Quitzon','phauck@example.org','1-120-764-1267','1992-10-11 11:44:48','2008-09-20 13:35:42'),(12,'Chaz','Lang','konopelski.reuben@example.com','073-426-1670','2009-11-19 23:17:20','2020-06-25 20:10:13'),(13,'Queenie','Wisoky','nikolas.thompson@example.com','(425)818-7961','1999-11-04 09:47:39','2020-06-25 20:10:13'),(14,'Kattie','Pollich','marilie.balistreri@example.net','780.533.1017x30891','2014-11-10 17:52:37','2020-06-25 20:10:13'),(15,'Ettie','Gottlieb','ola24@example.net','652.409.1945x07026','1974-10-14 08:45:00','1996-06-09 23:56:43'),(16,'Celestino','Russel','bins.cameron@example.net','+28(8)8756890608','2002-06-03 15:08:11','2020-06-25 20:10:13'),(17,'Devin','Schulist','mroob@example.net','(416)222-6885x436','1992-04-15 18:20:58','1996-04-06 12:03:41'),(18,'Helena','Rau','swaniawski.madonna@example.org','1-719-227-1790','1989-03-21 14:27:13','2011-06-10 07:47:21'),(19,'Kenneth','Heathcote','vvon@example.org','096.511.2838','2008-10-11 20:42:15','2016-01-15 23:02:30'),(20,'Brad','Schowalter','mohr.keanu@example.com','546.432.1642x45452','1976-01-01 13:43:10','1984-04-11 19:34:53'),(21,'Alba','Hagenes','kyler21@example.net','159.406.5670x0213','2004-03-15 22:40:57','2006-08-11 04:53:19'),(22,'Velva','Moore','hkassulke@example.com','1-947-116-1956x493','2002-12-31 07:15:29','2020-06-25 20:10:13'),(23,'Petra','Renner','kenyon.dietrich@example.net','+69(6)0344545029','1990-08-01 09:05:54','1991-02-27 09:48:14'),(24,'Noble','Homenick','stiedemann.marielle@example.net','489-007-6985','1983-07-14 19:50:21','2020-06-25 20:10:13'),(25,'Sandrine','Jakubowski','jermain13@example.org','915-263-7775x147','2003-12-23 22:59:37','2020-06-25 20:10:13'),(26,'Gerda','Yundt','adams.elliot@example.com','(844)690-5543x959','1988-04-02 20:19:28','1992-11-25 18:57:57'),(27,'Tessie','Schowalter','milton81@example.com','(310)248-2203','1986-08-24 11:00:45','1988-11-17 16:39:59'),(28,'Maiya','Runte','koss.krystel@example.com','581.452.1371x5864','1999-12-07 09:30:56','2019-05-03 06:52:46'),(29,'Rylee','Koch','wehner.marlon@example.org','458-260-9875','1990-08-05 11:37:41','2020-06-25 20:10:13'),(30,'Sonia','Stokes','aurelio69@example.com','+49(4)2275994673','1979-06-26 18:26:26','2002-06-11 23:46:07'),(31,'Dimitri','Kihn','monserrat94@example.org','432.621.9595','2005-07-15 16:02:31','2006-09-21 00:53:13'),(32,'Conner','Kozey','schoen.hazle@example.org','1-108-994-7728x8779','1992-01-07 07:20:51','2020-06-25 20:10:13'),(33,'Virgie','Auer','wisoky.grady@example.com','1-186-240-9723x39245','1970-07-21 07:29:25','1976-07-06 15:04:33'),(34,'Michelle','Mayer','kozey.anne@example.net','05996826339','2015-07-18 00:57:05','2020-06-25 20:10:13'),(35,'Khalil','Ondricka','garnett24@example.org','+03(1)7375944488','1998-10-09 03:56:21','2020-06-25 20:10:13'),(36,'Jay','Robel','dcronin@example.net','778.683.8555x881','1999-02-23 03:17:53','2003-07-02 23:23:01'),(37,'Ashtyn','Little','reina.ward@example.org','1-979-635-0626x28987','2020-06-18 03:46:48','2020-06-25 20:10:13'),(38,'Stephany','Kuvalis','jackson75@example.com','481.118.7330x25205','1999-11-20 10:41:24','2020-06-25 20:10:13'),(39,'Madaline','Rutherford','vbechtelar@example.net','+01(4)0868600800','2018-11-10 20:57:12','2020-06-25 20:10:13'),(40,'Emory','Turcotte','orpha.marks@example.com','241-880-6761','2003-12-09 04:02:38','2016-06-11 10:21:39'),(41,'Allene','Jaskolski','schmidt.candida@example.org','+18(2)6913645703','2016-02-05 09:37:29','2020-06-25 20:10:13'),(42,'Lawrence','Conroy','gene.shields@example.net','(445)345-6266x2988','2010-06-25 11:46:33','2020-06-25 20:10:13'),(43,'Kiley','Feeney','prutherford@example.com','1-038-329-1911','1977-01-22 16:06:18','1986-01-03 09:21:58'),(44,'Stewart','Stark','erin.dach@example.com','(543)589-0793x8017','1988-03-11 03:30:44','2000-10-05 19:16:30'),(45,'Domenic','Kris','kirlin.guy@example.com','(028)877-6236x2861','2002-02-03 14:15:49','2020-06-25 20:10:13'),(46,'Ara','Homenick','maynard.beier@example.com','(662)579-7199x853','1981-06-28 18:35:21','2020-06-25 20:10:13'),(47,'Kellen','Douglas','sage36@example.net','157.324.1062','1995-04-11 16:58:33','2020-06-25 20:10:13'),(48,'Asa','Wilkinson','bradley34@example.org','193-282-3634x2335','2002-04-04 01:15:50','2020-06-25 20:10:13'),(49,'Alvis','Kertzmann','jacobi.jerome@example.org','(653)313-8360x01550','2004-11-26 17:55:12','2020-06-25 20:10:13'),(50,'Georgianna','O\'Connell','titus31@example.net','617.344.2134x68119','1988-06-02 08:16:43','1996-10-07 15:11:17'),(51,'Ignatius','Barrows','wilma74@example.org','+73(2)0851250674','1975-09-23 01:55:19','1985-04-14 06:37:27'),(52,'Americo','Barton','kennith.douglas@example.net','+84(6)4332645306','2007-04-24 01:20:13','2007-10-02 20:21:57'),(53,'Marisa','Bruen','ngutmann@example.com','1-053-485-6639','2009-06-09 06:53:18','2020-06-25 20:10:13'),(54,'Markus','Casper','sigmund.grant@example.com','(136)594-2558x325','2010-05-11 07:35:28','2020-06-25 20:10:13'),(55,'Keanu','Torphy','nader.noemy@example.net','04286853859','1986-05-02 21:29:57','2020-06-25 20:10:13'),(56,'Jeramie','Keebler','gmurphy@example.net','05089273867','2001-03-29 05:09:14','2020-06-25 20:10:13'),(57,'Nia','Torp','collier.werner@example.net','(504)144-9073x5812','1975-07-30 10:44:12','1982-12-30 13:12:22'),(58,'Katarina','O\'Keefe','flittle@example.org','470.123.3128','2007-09-26 02:39:24','2017-04-16 04:12:58'),(59,'Maggie','Padberg','annalise73@example.org','+02(9)8867379148','2005-07-21 03:50:43','2013-11-11 22:13:32'),(60,'Waino','Swaniawski','zfay@example.net','1-172-224-6537x0362','1984-09-12 19:18:56','1988-04-22 14:10:43'),(61,'Mckenna','Langworth','hickle.heidi@example.net','(088)523-3106x1137','2014-02-23 07:25:51','2020-06-25 20:10:13'),(62,'Marlene','Kohler','hschuster@example.com','1-192-447-9980x096','2005-08-06 13:05:59','2020-06-25 20:10:13'),(63,'Eddie','Kulas','orn.jerel@example.org','(599)021-2945x32409','1999-01-21 17:21:56','2014-03-10 12:38:29'),(64,'Berry','Jacobi','jayce.bednar@example.com','(845)540-9461x196','1980-11-03 13:53:57','2020-06-25 20:10:13'),(65,'Nellie','Sawayn','thelma90@example.com','960.049.2962x7307','1980-07-01 00:07:35','1986-04-13 05:52:40'),(66,'Jessika','Wehner','afunk@example.com','02591620453','2002-02-02 14:04:49','2004-06-28 05:27:54'),(67,'Clementina','Oberbrunner','muller.kelly@example.com','011.718.6791x9058','2000-10-13 04:30:30','2015-08-01 17:18:41'),(68,'Jakayla','Torp','kitty.oberbrunner@example.net','1-031-664-6369x93981','2019-05-07 06:03:56','2020-06-25 20:10:13'),(69,'Lavern','Berge','jbartell@example.org','196.173.4925x68582','1976-07-10 02:56:38','1996-07-23 15:32:46'),(70,'Hoyt','Hintz','linnie99@example.net','(342)077-3528','1985-01-30 12:31:34','2020-06-25 20:10:13'),(71,'Sonia','Bayer','jvon@example.org','(797)388-2927','1972-07-17 14:41:42','1976-06-08 05:55:35'),(72,'William','Boyer','christa42@example.net','239-616-2071','2010-05-02 23:36:17','2020-06-25 20:10:13'),(73,'Leonie','O\'Connell','teresa76@example.com','763.032.3328','2015-05-19 12:25:52','2020-06-25 20:10:13'),(74,'Teagan','Stanton','brenden29@example.com','+37(2)0756930233','1993-08-15 10:25:14','2020-06-25 20:10:13'),(75,'Golden','Schamberger','ao\'conner@example.com','803.466.3712','2002-06-14 14:38:36','2020-06-25 20:10:13'),(76,'Norris','Osinski','iheaney@example.net','678-722-4906x491','1998-09-06 18:55:44','2018-03-20 15:28:36'),(77,'Esta','Swift','hintz.ulices@example.org','(421)234-5517','2019-10-30 12:32:51','2020-06-25 20:10:13'),(78,'Rhiannon','Bruen','camille.wilkinson@example.org','02730167153','2011-07-07 05:07:04','2020-06-25 20:10:13'),(79,'Maida','Volkman','pamela24@example.com','+62(3)7456134892','1970-04-14 17:57:57','2008-02-17 09:57:05'),(80,'Gayle','Murray','jacobson.annalise@example.net','+31(2)7188006343','1992-11-18 20:19:32','1996-05-31 08:05:49'),(81,'Caterina','Sauer','arnoldo.yundt@example.net','(752)702-6603x3725','2016-07-11 00:34:33','2020-06-25 20:10:13'),(82,'Andres','Hermiston','dominique71@example.net','+02(0)6739209548','1984-12-26 01:43:26','2004-08-08 18:25:42'),(83,'Joseph','Herzog','yhowell@example.org','733-083-6367','1971-08-20 03:53:34','2003-07-14 05:40:20'),(84,'Sibyl','Nikolaus','jakayla21@example.com','04525114176','2003-01-04 06:21:28','2011-05-31 09:02:44'),(85,'Aiden','Adams','sabina68@example.org','+49(2)2337248954','2016-04-17 11:52:05','2020-06-25 20:10:13'),(86,'Wilford','Schaden','zmohr@example.net','(899)204-7084','1984-07-29 07:58:22','2000-06-18 04:31:53'),(87,'Jarrod','Bode','rodrick48@example.com','(905)079-0990x357','1988-10-30 04:20:08','2005-05-18 20:23:49'),(88,'Opal','Harber','ray60@example.org','(194)816-5988','1985-06-03 12:23:51','2013-08-07 11:12:25'),(89,'Crystal','Gerhold','luettgen.wilfredo@example.com','970-043-6083x3030','1975-04-12 12:10:02','2007-10-14 20:08:19'),(90,'Clotilde','Stiedemann','davis.vena@example.org','06096865630','1993-01-23 10:55:19','1995-04-22 00:51:37'),(91,'Maud','Zemlak','dzemlak@example.net','1-101-909-0389x41138','2019-07-10 04:50:32','2020-06-25 20:10:13'),(92,'Efrain','Kertzmann','vcorkery@example.net','(191)332-3796x3850','2014-01-06 07:14:35','2020-06-25 20:10:13'),(93,'Allene','Satterfield','dora.hickle@example.org','(348)303-3821x5324','1974-12-30 17:45:54','1982-02-01 07:04:08'),(94,'Adolph','Langworth','aurelie24@example.net','(768)585-6907x8218','1982-05-30 08:50:03','2020-06-25 20:10:13'),(95,'Arjun','Waelchi','harber.kendall@example.net','08420379239','2016-01-12 01:25:48','2020-06-25 20:10:13'),(96,'Clyde','Stamm','eroob@example.org','289-097-4816x9221','1986-05-30 04:01:25','1996-10-23 17:28:31'),(97,'Bridget','Hilpert','daniel.payton@example.net','1-897-871-3881x667','1976-07-19 02:36:40','1997-10-17 00:24:17'),(98,'Ahmed','Krajcik','ofelia94@example.com','597.887.3247','1976-03-10 14:08:55','2020-06-25 20:10:13'),(99,'Maverick','Ziemann','hazle.feil@example.net','07097802949','1973-01-30 15:49:42','1982-09-08 09:31:48'),(100,'Suzanne','Stroman','tjacobi@example.org','(710)407-2633x4292','2019-03-17 12:12:52','2020-06-25 20:10:13');
/*!40000 ALTER TABLE `users` ENABLE KEYS */;
UNLOCK TABLES;

--
-- Dumping routines for database 'vk'
--
/*!40103 SET TIME_ZONE=@OLD_TIME_ZONE */;

/*!40101 SET SQL_MODE=@OLD_SQL_MODE */;
/*!40014 SET FOREIGN_KEY_CHECKS=@OLD_FOREIGN_KEY_CHECKS */;
/*!40014 SET UNIQUE_CHECKS=@OLD_UNIQUE_CHECKS */;
/*!40101 SET CHARACTER_SET_CLIENT=@OLD_CHARACTER_SET_CLIENT */;
/*!40101 SET CHARACTER_SET_RESULTS=@OLD_CHARACTER_SET_RESULTS */;
/*!40101 SET COLLATION_CONNECTION=@OLD_COLLATION_CONNECTION */;
/*!40111 SET SQL_NOTES=@OLD_SQL_NOTES */;

-- Dump completed on 2020-07-08 10:56:49
